date,district,commodity,pricetype,standardized_price
2006-01-15,Nairobi,Maize,Wholesale,15.48
2006-01-15,Nairobi,Maize,Wholesale,15.544444444444444
2006-01-15,Nairobi,Potatoes,Wholesale,13.288599999999999
2006-01-15,Nairobi,Sorghum,Wholesale,21.77777777777778
2006-01-15,Nairobi,Milk,Retail,44.0
2006-01-15,Nairobi,Oil (vegetable),Retail,115.0
2006-01-15,Nairobi,Beans,Wholesale,42.31
2006-01-15,Nairobi,Beans,Wholesale,35.27777777777778
2006-02-15,Nairobi,Maize,Wholesale,16.41
2006-02-15,Nairobi,Maize,Wholesale,16.533333333333335
2006-02-15,Nairobi,Potatoes,Wholesale,13.888800000000002
2006-02-15,Nairobi,Sorghum,Wholesale,25.11111111111111
2006-02-15,Nairobi,Milk,Retail,50.0
2006-02-15,Nairobi,Oil (vegetable),Retail,120.0
2006-02-15,Nairobi,Beans,Wholesale,47.1
2006-02-15,Nairobi,Beans,Wholesale,38.72222222222222
2006-03-15,Nairobi,Maize,Wholesale,16.91
2006-03-15,Nairobi,Maize,Wholesale,16.666666666666668
2006-03-15,Nairobi,Potatoes,Wholesale,19.2222
2006-03-15,Nairobi,Sorghum,Wholesale,25.0
2006-03-15,Nairobi,Milk,Retail,50.0
2006-03-15,Nairobi,Oil (vegetable),Retail,108.0
2006-03-15,Nairobi,Beans,Wholesale,42.31
2006-03-15,Nairobi,Beans,Wholesale,41.77777777777778
2006-04-15,Nairobi,Maize,Wholesale,17.02
2006-04-15,Nairobi,Maize,Wholesale,17.11111111111111
2006-04-15,Nairobi,Potatoes,Wholesale,27.777600000000003
2006-04-15,Nairobi,Sorghum,Wholesale,25.666666666666668
2006-04-15,Nairobi,Milk,Retail,50.0
2006-04-15,Nairobi,Oil (vegetable),Retail,110.0
2006-04-15,Nairobi,Beans,Wholesale,47.1
2006-04-15,Nairobi,Beans,Wholesale,47.88888888888889
2006-05-15,Nairobi,Maize,Wholesale,17.71
2006-05-15,Nairobi,Maize,Wholesale,18.05288888888889
2006-05-15,Nairobi,Potatoes,Wholesale,32.4998
2006-05-15,Nairobi,Sorghum,Wholesale,22.381
2006-05-15,Nairobi,Milk,Retail,50.0
2006-05-15,Nairobi,Oil (vegetable),Retail,120.0
2006-05-15,Nairobi,Beans,Wholesale,49.72
2006-05-15,Nairobi,Beans,Wholesale,50.05555555555556
2006-06-15,Nairobi,Maize,Wholesale,16.96
2006-06-15,Nairobi,Maize,Wholesale,17.232333333333337
2006-06-15,Nairobi,Potatoes,Wholesale,17.222
2006-06-15,Nairobi,Sorghum,Wholesale,21.978555555555555
2006-06-15,Nairobi,Milk,Retail,44.0
2006-06-15,Nairobi,Oil (vegetable),Retail,120.0
2006-06-15,Nairobi,Beans,Wholesale,33.07
2006-06-15,Nairobi,Beans,Wholesale,33.522222222222226
2006-07-15,Nairobi,Maize,Wholesale,18.61
2006-07-15,Nairobi,Maize,Wholesale,18.785222222222224
2006-07-15,Nairobi,Potatoes,Wholesale,13.2444
2006-07-15,Nairobi,Sorghum,Wholesale,18.666666666666668
2006-07-15,Nairobi,Milk,Retail,44.0
2006-07-15,Nairobi,Oil (vegetable),Retail,115.0
2006-07-15,Nairobi,Beans,Wholesale,30.3
2006-07-15,Nairobi,Beans,Wholesale,30.666666666666668
2006-08-15,Nairobi,Maize,Wholesale,17.5
2006-08-15,Nairobi,Maize,Wholesale,17.619444444444444
2006-08-15,Nairobi,Potatoes,Wholesale,11.110999999999999
2006-08-15,Nairobi,Sorghum,Wholesale,18.541666666666668
2006-08-15,Nairobi,Milk,Retail,40.0
2006-08-15,Nairobi,Oil (vegetable),Retail,120.0
2006-08-15,Nairobi,Beans,Wholesale,30.59
2006-08-15,Nairobi,Beans,Wholesale,32.08888888888889
2006-09-15,Nairobi,Maize,Wholesale,14.8
2006-09-15,Nairobi,Maize,Wholesale,14.200000000000001
2006-09-15,Nairobi,Potatoes,Wholesale,11.644400000000001
2006-09-15,Nairobi,Sorghum,Wholesale,21.166666666666668
2006-09-15,Nairobi,Milk,Retail,40.0
2006-09-15,Nairobi,Oil (vegetable),Retail,120.0
2006-09-15,Nairobi,Beans,Wholesale,34.75
2006-09-15,Nairobi,Beans,Wholesale,34.36666666666667
2006-10-15,Nairobi,Maize,Wholesale,14.34
2006-10-15,Nairobi,Maize,Wholesale,14.369444444444445
2006-10-15,Nairobi,Potatoes,Wholesale,13.1776
2006-10-15,Nairobi,Sorghum,Wholesale,23.703666666666667
2006-10-15,Nairobi,Milk,Retail,40.0
2006-10-15,Nairobi,Oil (vegetable),Retail,120.0
2006-10-15,Nairobi,Beans,Wholesale,35.8
2006-10-15,Nairobi,Beans,Wholesale,36.44444444444444
2006-11-15,Nairobi,Maize,Wholesale,14.19
2006-11-15,Nairobi,Maize,Wholesale,14.15111111111111
2006-11-15,Nairobi,Potatoes,Wholesale,19.111
2006-11-15,Nairobi,Sorghum,Wholesale,23.422222222222224
2006-11-15,Nairobi,Milk,Retail,40.0
2006-11-15,Nairobi,Oil (vegetable),Retail,135.0
2006-11-15,Nairobi,Beans,Wholesale,34.03
2006-11-15,Nairobi,Beans,Wholesale,33.68888888888889
2006-12-15,Nairobi,Maize,Wholesale,13.34
2006-12-15,Nairobi,Maize,Wholesale,13.833333333333334
2006-12-15,Nairobi,Potatoes,Wholesale,22.4444
2006-12-15,Nairobi,Sorghum,Wholesale,20.86111111111111
2006-12-15,Nairobi,Milk,Retail,48.0
2006-12-15,Nairobi,Oil (vegetable),Retail,140.0
2006-12-15,Nairobi,Beans,Wholesale,31.98
2006-12-15,Nairobi,Beans,Wholesale,34.2
2007-01-15,Nairobi,Maize,Wholesale,15.0
2007-01-15,Nairobi,Maize,Wholesale,14.861111111111112
2007-01-15,Nairobi,Potatoes,Wholesale,28.0554
2007-01-15,Nairobi,Sorghum,Wholesale,18.636333333333333
2007-01-15,Nairobi,Milk,Retail,40.0
2007-01-15,Nairobi,Oil (vegetable),Retail,130.0
2007-01-15,Nairobi,Beans,Wholesale,33.38
2007-01-15,Nairobi,Beans,Wholesale,34.522222222222226
2007-02-15,Nairobi,Maize,Wholesale,14.69
2007-02-15,Nairobi,Maize,Wholesale,14.694444444444445
2007-02-15,Nairobi,Potatoes,Wholesale,30.888800000000003
2007-02-15,Nairobi,Sorghum,Wholesale,18.555555555555557
2007-02-15,Nairobi,Milk,Retail,40.0
2007-02-15,Nairobi,Oil (vegetable),Retail,135.0
2007-02-15,Nairobi,Beans,Wholesale,31.35
2007-02-15,Nairobi,Beans,Wholesale,31.222222222222225
2007-03-15,Nairobi,Maize,Wholesale,13.27
2007-03-15,Nairobi,Maize,Wholesale,13.264444444444445
2007-03-15,Nairobi,Potatoes,Wholesale,32.7222
2007-03-15,Nairobi,Sorghum,Wholesale,19.155555555555555
2007-03-15,Nairobi,Milk,Retail,40.0
2007-03-15,Nairobi,Oil (vegetable),Retail,135.0
2007-03-15,Nairobi,Beans,Wholesale,33.96
2007-03-15,Nairobi,Beans,Wholesale,33.955555555555556
2007-04-15,Nairobi,Maize,Wholesale,12.71
2007-04-15,Nairobi,Maize,Wholesale,13.086444444444444
2007-04-15,Nairobi,Potatoes,Wholesale,31.0416
2007-04-15,Nairobi,Sorghum,Wholesale,19.122777777777777
2007-04-15,Nairobi,Milk,Retail,40.0
2007-04-15,Nairobi,Oil (vegetable),Retail,130.0
2007-04-15,Nairobi,Beans,Wholesale,32.29
2007-04-15,Nairobi,Beans,Wholesale,33.51111111111111
2007-05-15,Nairobi,Maize,Wholesale,13.53
2007-05-15,Nairobi,Maize,Wholesale,13.809555555555555
2007-05-15,Nairobi,Potatoes,Wholesale,22.3808
2007-05-15,Nairobi,Sorghum,Wholesale,17.989444444444445
2007-05-15,Nairobi,Milk,Retail,40.0
2007-05-15,Nairobi,Oil (vegetable),Retail,130.0
2007-05-15,Nairobi,Beans,Wholesale,33.22
2007-05-15,Nairobi,Beans,Wholesale,34.12222222222222
2007-06-15,Nairobi,Maize,Wholesale,13.17
2007-06-15,Nairobi,Maize,Wholesale,13.382666666666667
2007-06-15,Nairobi,Potatoes,Wholesale,11.788
2007-06-15,Nairobi,Sorghum,Wholesale,17.451
2007-06-15,Nairobi,Milk,Retail,40.0
2007-06-15,Nairobi,Oil (vegetable),Retail,125.0
2007-06-15,Nairobi,Beans,Wholesale,33.66
2007-06-15,Nairobi,Beans,Wholesale,34.25555555555556
2007-07-15,Nairobi,Maize,Wholesale,13.4
2007-07-15,Nairobi,Maize,Wholesale,13.510111111111113
2007-07-15,Nairobi,Potatoes,Wholesale,11.144400000000001
2007-07-15,Nairobi,Sorghum,Wholesale,18.502444444444446
2007-07-15,Nairobi,Milk,Retail,40.0
2007-07-15,Nairobi,Oil (vegetable),Retail,140.0
2007-07-15,Nairobi,Beans,Wholesale,35.38
2007-07-15,Nairobi,Beans,Wholesale,36.233333333333334
2007-08-15,Nairobi,Maize,Wholesale,13.17
2007-08-15,Nairobi,Maize,Wholesale,13.308111111111112
2007-08-15,Nairobi,Potatoes,Wholesale,17.5136
2007-08-15,Nairobi,Sorghum,Wholesale,21.594222222222225
2007-08-15,Nairobi,Milk,Retail,44.0
2007-08-15,Nairobi,Oil (vegetable),Retail,140.0
2007-08-15,Nairobi,Beans,Wholesale,33.65
2007-08-15,Nairobi,Beans,Wholesale,34.97777777777778
2007-09-15,Nairobi,Maize,Wholesale,13.49
2007-09-15,Nairobi,Maize,Wholesale,13.763111111111112
2007-09-15,Nairobi,Potatoes,Wholesale,14.7012
2007-09-15,Nairobi,Sorghum,Wholesale,20.117
2007-09-15,Nairobi,Milk,Retail,44.0
2007-09-15,Nairobi,Oil (vegetable),Retail,135.0
2007-09-15,Nairobi,Beans,Wholesale,35.89
2007-09-15,Nairobi,Beans,Wholesale,35.96666666666667
2007-10-15,Nairobi,Maize,Wholesale,13.43
2007-10-15,Nairobi,Maize,Wholesale,13.65911111111111
2007-10-15,Nairobi,Potatoes,Wholesale,22.6944
2007-10-15,Nairobi,Sorghum,Wholesale,17.575777777777777
2007-10-15,Nairobi,Milk,Retail,46.0
2007-10-15,Nairobi,Oil (vegetable),Retail,135.0
2007-10-15,Nairobi,Beans,Wholesale,35.09
2007-10-15,Nairobi,Beans,Wholesale,33.58888888888889
2007-11-15,Nairobi,Maize,Wholesale,13.68
2007-11-15,Nairobi,Maize,Wholesale,13.727222222222224
2007-11-15,Nairobi,Potatoes,Wholesale,24.788600000000002
2007-11-15,Nairobi,Sorghum,Wholesale,20.0
2007-11-15,Nairobi,Milk,Retail,46.0
2007-11-15,Nairobi,Oil (vegetable),Retail,135.0
2007-11-15,Nairobi,Beans,Wholesale,35.42
2007-11-15,Nairobi,Beans,Wholesale,36.66666666666667
2007-12-15,Nairobi,Maize,Wholesale,12.77
2007-12-15,Nairobi,Maize,Wholesale,11.879666666666667
2007-12-15,Nairobi,Potatoes,Wholesale,15.3192
2007-12-15,Nairobi,Sorghum,Wholesale,20.370333333333335
2007-12-15,Nairobi,Milk,Retail,46.0
2007-12-15,Nairobi,Oil (vegetable),Retail,145.0
2007-12-15,Nairobi,Beans,Wholesale,37.84
2007-12-15,Nairobi,Beans,Wholesale,48.333333333333336
2008-01-15,Nairobi,Maize,Wholesale,15.01
2008-01-15,Nairobi,Maize,Wholesale,14.966666666666667
2008-01-15,Nairobi,Potatoes,Wholesale,18.8382
2008-01-15,Nairobi,Sorghum,Wholesale,21.257333333333335
2008-01-15,Nairobi,Milk,Retail,40.0
2008-01-15,Nairobi,Oil (vegetable),Retail,162.0
2008-01-15,Nairobi,Beans,Wholesale,40.39
2008-01-15,Nairobi,Beans,Wholesale,41.111111111111114
2008-02-15,Nairobi,Maize,Wholesale,15.04
2008-02-15,Nairobi,Maize,Wholesale,14.88888888888889
2008-02-15,Nairobi,Potatoes,Wholesale,17.0832
2008-02-15,Nairobi,Sorghum,Wholesale,20.22222222222222
2008-02-15,Nairobi,Milk,Retail,50.0
2008-02-15,Nairobi,Oil (vegetable),Retail,165.0
2008-02-15,Nairobi,Beans,Wholesale,40.46
2008-02-15,Nairobi,Beans,Wholesale,42.22222222222222
2008-03-15,Nairobi,Maize,Wholesale,15.05
2008-03-15,Nairobi,Maize,Wholesale,15.766666666666667
2008-03-15,Nairobi,Potatoes,Wholesale,14.488800000000001
2008-03-15,Nairobi,Sorghum,Wholesale,31.833333333333336
2008-03-15,Nairobi,Milk,Retail,50.0
2008-03-15,Nairobi,Oil (vegetable),Retail,173.0
2008-03-15,Nairobi,Beans,Wholesale,53.15
2008-03-15,Nairobi,Beans,Wholesale,55.333333333333336
2008-04-15,Nairobi,Maize,Wholesale,16.04
2008-04-15,Nairobi,Maize,Wholesale,16.844444444444445
2008-04-15,Nairobi,Potatoes,Wholesale,17.1694
2008-04-15,Nairobi,Sorghum,Wholesale,27.979777777777777
2008-04-15,Nairobi,Milk,Retail,50.0
2008-04-15,Nairobi,Oil (vegetable),Retail,175.0
2008-04-15,Nairobi,Beans,Wholesale,56.73
2008-04-15,Nairobi,Beans,Wholesale,59.7
2008-05-15,Nairobi,Maize,Wholesale,20.46
2008-05-15,Nairobi,Maize,Wholesale,21.333333333333336
2008-05-15,Nairobi,Potatoes,Wholesale,21.111
2008-05-15,Nairobi,Sorghum,Wholesale,26.613777777777777
2008-05-15,Nairobi,Milk,Retail,52.0
2008-05-15,Nairobi,Oil (vegetable),Retail,177.0
2008-05-15,Nairobi,Beans,Wholesale,57.29
2008-05-15,Nairobi,Beans,Wholesale,59.0
2008-06-15,Nairobi,Maize,Wholesale,23.5
2008-06-15,Nairobi,Maize,Wholesale,24.055555555555557
2008-06-15,Nairobi,Potatoes,Wholesale,21.9754
2008-06-15,Nairobi,Sorghum,Wholesale,28.166666666666668
2008-06-15,Nairobi,Milk,Retail,52.0
2008-06-15,Nairobi,Oil (vegetable),Retail,180.0
2008-06-15,Nairobi,Beans,Wholesale,55.76
2008-06-15,Nairobi,Beans,Wholesale,56.58888888888889
2008-07-15,Nairobi,Maize,Wholesale,21.07
2008-07-15,Nairobi,Maize,Wholesale,21.477777777777778
2008-07-15,Nairobi,Potatoes,Wholesale,23.4298
2008-07-15,Nairobi,Sorghum,Wholesale,24.709
2008-07-15,Nairobi,Milk,Retail,50.0
2008-07-15,Nairobi,Oil (vegetable),Retail,183.0
2008-07-15,Nairobi,Beans,Wholesale,53.8
2008-07-15,Nairobi,Beans,Wholesale,55.13333333333333
2008-08-15,Nairobi,Maize,Wholesale,22.31
2008-08-15,Nairobi,Maize,Wholesale,23.122222222222224
2008-08-15,Nairobi,Potatoes,Wholesale,23.8646
2008-08-15,Nairobi,Sorghum,Wholesale,25.82011111111111
2008-08-15,Nairobi,Milk,Retail,48.0
2008-08-15,Nairobi,Oil (vegetable),Retail,183.0
2008-08-15,Nairobi,Beans,Wholesale,51.23
2008-08-15,Nairobi,Beans,Wholesale,53.01111111111111
2008-09-15,Nairobi,Maize,Wholesale,21.5
2008-09-15,Nairobi,Maize,Wholesale,23.144444444444446
2008-09-15,Nairobi,Potatoes,Wholesale,32.1636
2008-09-15,Nairobi,Sorghum,Wholesale,25.88888888888889
2008-09-15,Nairobi,Milk,Retail,48.0
2008-09-15,Nairobi,Oil (vegetable),Retail,183.0
2008-09-15,Nairobi,Beans,Wholesale,51.06
2008-09-15,Nairobi,Beans,Wholesale,53.333333333333336
2008-10-15,Nairobi,Maize,Wholesale,25.11
2008-10-15,Nairobi,Maize,Wholesale,27.433333333333334
2008-10-15,Nairobi,Potatoes,Wholesale,24.2424
2008-10-15,Nairobi,Sorghum,Wholesale,30.185222222222226
2008-10-15,Nairobi,Milk,Retail,50.0
2008-10-15,Nairobi,Oil (vegetable),Retail,181.0
2008-10-15,Nairobi,Beans,Wholesale,53.35
2008-10-15,Nairobi,Beans,Wholesale,54.88888888888889
2008-11-15,Nairobi,Maize,Wholesale,27.46
2008-11-15,Nairobi,Maize,Wholesale,29.08888888888889
2008-11-15,Nairobi,Potatoes,Wholesale,25.5556
2008-11-15,Nairobi,Sorghum,Wholesale,31.805555555555557
2008-11-15,Nairobi,Milk,Retail,54.0
2008-11-15,Nairobi,Oil (vegetable),Retail,182.0
2008-11-15,Nairobi,Beans,Wholesale,52.45
2008-11-15,Nairobi,Beans,Wholesale,55.766666666666666
2008-12-15,Nairobi,Maize,Wholesale,26.34
2008-12-15,Nairobi,Maize,Wholesale,26.78888888888889
2008-12-15,Nairobi,Potatoes,Wholesale,24.6296
2008-12-15,Nairobi,Sorghum,Wholesale,36.18055555555556
2008-12-15,Nairobi,Milk,Retail,54.0
2008-12-15,Nairobi,Oil (vegetable),Retail,180.0
2008-12-15,Nairobi,Beans,Wholesale,50.67
2008-12-15,Nairobi,Beans,Wholesale,52.43333333333334
2009-01-15,Nairobi,Maize,Wholesale,23.37
2009-01-15,Nairobi,Maize,Wholesale,24.677777777777777
2009-01-15,Nairobi,Potatoes,Wholesale,28.3332
2009-01-15,Nairobi,Sorghum,Wholesale,33.5
2009-01-15,Nairobi,Milk,Retail,54.0
2009-01-15,Nairobi,Oil (vegetable),Retail,180.0
2009-01-15,Nairobi,Beans,Wholesale,50.9
2009-01-15,Nairobi,Beans,Wholesale,53.611111111111114
2009-02-15,Nairobi,Maize,Wholesale,26.19
2009-02-15,Nairobi,Maize,Wholesale,27.166666666666668
2009-02-15,Nairobi,Potatoes,Wholesale,33.7222
2009-02-15,Nairobi,Sorghum,Wholesale,34.16666666666667
2009-02-15,Nairobi,Milk,Retail,54.0
2009-02-15,Nairobi,Oil (vegetable),Retail,127.0
2009-02-15,Nairobi,Beans,Wholesale,52.57
2009-02-15,Nairobi,Beans,Wholesale,54.55555555555556
2009-03-15,Nairobi,Maize,Wholesale,29.67
2009-03-15,Nairobi,Maize,Wholesale,29.833333333333336
2009-03-15,Nairobi,Potatoes,Wholesale,38.333200000000005
2009-03-15,Nairobi,Sorghum,Wholesale,31.11111111111111
2009-03-15,Nairobi,Milk,Retail,54.0
2009-03-15,Nairobi,Oil (vegetable),Retail,127.0
2009-03-15,Nairobi,Beans,Wholesale,52.78
2009-03-15,Nairobi,Beans,Wholesale,53.333333333333336
2009-04-15,Nairobi,Maize,Wholesale,30.04
2009-04-15,Nairobi,Maize,Wholesale,30.344444444444445
2009-04-15,Nairobi,Potatoes,Wholesale,42.9304
2009-04-15,Nairobi,Sorghum,Wholesale,31.11111111111111
2009-04-15,Nairobi,Milk,Retail,54.0
2009-04-15,Nairobi,Oil (vegetable),Retail,126.0
2009-04-15,Nairobi,Beans,Wholesale,52.36
2009-04-15,Nairobi,Beans,Wholesale,53.66666666666667
2009-05-15,Nairobi,Maize,Wholesale,33.27
2009-05-15,Nairobi,Maize,Wholesale,35.111111111111114
2009-05-15,Nairobi,Potatoes,Wholesale,44.7778
2009-05-15,Nairobi,Sorghum,Wholesale,31.11111111111111
2009-05-15,Nairobi,Milk,Retail,60.0
2009-05-15,Nairobi,Oil (vegetable),Retail,126.0
2009-05-15,Nairobi,Beans,Wholesale,56.39
2009-05-15,Nairobi,Beans,Wholesale,60.27777777777778
2009-06-15,Nairobi,Maize,Wholesale,29.36
2009-06-15,Nairobi,Maize,Wholesale,31.711111111111112
2009-06-15,Nairobi,Potatoes,Wholesale,31.900000000000002
2009-06-15,Nairobi,Sorghum,Wholesale,31.11111111111111
2009-06-15,Nairobi,Milk,Retail,60.0
2009-06-15,Nairobi,Oil (vegetable),Retail,126.0
2009-06-15,Nairobi,Beans,Wholesale,50.9
2009-06-15,Nairobi,Beans,Wholesale,56.111111111111114
2009-07-15,Nairobi,Maize,Wholesale,28.05
2009-07-15,Nairobi,Maize,Wholesale,29.822222222222223
2009-07-15,Nairobi,Potatoes,Wholesale,22.133200000000002
2009-07-15,Nairobi,Sorghum,Wholesale,31.11111111111111
2009-07-15,Nairobi,Milk,Retail,60.0
2009-07-15,Nairobi,Oil (vegetable),Retail,126.0
2009-07-15,Nairobi,Beans,Wholesale,46.49
2009-07-15,Nairobi,Beans,Wholesale,50.0
2009-08-15,Nairobi,Maize,Wholesale,27.23
2009-08-15,Nairobi,Maize,Wholesale,29.066666666666666
2009-08-15,Nairobi,Potatoes,Wholesale,25.9222
2009-08-15,Nairobi,Sorghum,Wholesale,31.11111111111111
2009-08-15,Nairobi,Milk,Retail,60.0
2009-08-15,Nairobi,Oil (vegetable),Retail,133.0
2009-08-15,Nairobi,Beans,Wholesale,46.16
2009-08-15,Nairobi,Beans,Wholesale,49.27777777777778
2009-09-15,Nairobi,Maize,Wholesale,28.39
2009-09-15,Nairobi,Maize,Wholesale,29.444444444444446
2009-09-15,Nairobi,Potatoes,Wholesale,26.8332
2009-09-15,Nairobi,Sorghum,Wholesale,31.11111111111111
2009-09-15,Nairobi,Milk,Retail,60.0
2009-09-15,Nairobi,Oil (vegetable),Retail,139.0
2009-09-15,Nairobi,Beans,Wholesale,49.51
2009-09-15,Nairobi,Beans,Wholesale,51.111111111111114
2009-10-15,Nairobi,Maize,Wholesale,25.82
2009-10-15,Nairobi,Maize,Wholesale,26.733333333333334
2009-10-15,Nairobi,Potatoes,Wholesale,32.6222
2009-10-15,Nairobi,Sorghum,Wholesale,30.644444444444446
2009-10-15,Nairobi,Milk,Retail,56.0
2009-10-15,Nairobi,Oil (vegetable),Retail,140.0
2009-10-15,Nairobi,Beans,Wholesale,50.88
2009-10-15,Nairobi,Beans,Wholesale,52.08888888888889
2009-11-15,Nairobi,Maize,Wholesale,26.93
2009-11-15,Nairobi,Maize,Wholesale,27.38888888888889
2009-11-15,Nairobi,Potatoes,Wholesale,34.388600000000004
2009-11-15,Nairobi,Sorghum,Wholesale,30.0
2009-11-15,Nairobi,Milk,Retail,56.0
2009-11-15,Nairobi,Oil (vegetable),Retail,140.0
2009-11-15,Nairobi,Beans,Wholesale,52.82
2009-11-15,Nairobi,Beans,Wholesale,54.66666666666667
2009-12-15,Nairobi,Maize,Wholesale,29.28
2009-12-15,Nairobi,Maize,Wholesale,29.91111111111111
2009-12-15,Nairobi,Potatoes,Wholesale,29.211
2009-12-15,Nairobi,Sorghum,Wholesale,30.255555555555556
2009-12-15,Nairobi,Milk,Retail,56.0
2009-12-15,Nairobi,Oil (vegetable),Retail,140.0
2009-12-15,Nairobi,Beans,Wholesale,51.93
2009-12-15,Nairobi,Beans,Wholesale,53.06666666666667
2010-01-15,Nairobi,Maize,Wholesale,27.28
2010-01-15,Nairobi,Maize,Wholesale,28.055555555555557
2010-01-15,Nairobi,Potatoes,Wholesale,25.8
2010-01-15,Nairobi,Sorghum,Wholesale,30.46666666666667
2010-01-15,Nairobi,Milk,Retail,52.0
2010-01-15,Nairobi,Oil (vegetable),Retail,135.0
2010-01-15,Nairobi,Beans,Wholesale,49.84
2010-01-15,Nairobi,Beans,Wholesale,51.022222222222226
2010-02-15,Nairobi,Maize,Wholesale,23.52
2010-02-15,Nairobi,Maize,Wholesale,23.944444444444446
2010-02-15,Nairobi,Potatoes,Wholesale,19.3886
2010-02-15,Nairobi,Sorghum,Wholesale,30.422222222222224
2010-02-15,Nairobi,Milk,Retail,52.0
2010-02-15,Nairobi,Oil (vegetable),Retail,135.0
2010-02-15,Nairobi,Beans,Wholesale,45.7
2010-02-15,Nairobi,Beans,Wholesale,47.2
2010-03-15,Nairobi,Maize,Wholesale,22.69
2010-03-15,Nairobi,Maize,Wholesale,23.022222222222222
2010-03-15,Nairobi,Potatoes,Wholesale,18.2222
2010-03-15,Nairobi,Sorghum,Wholesale,32.22222222222222
2010-03-15,Nairobi,Milk,Retail,48.0
2010-03-15,Nairobi,Oil (vegetable),Retail,137.0
2010-03-15,Nairobi,Beans,Wholesale,51.29
2010-03-15,Nairobi,Beans,Wholesale,51.91111111111111
2010-04-15,Nairobi,Maize,Wholesale,22.28
2010-04-15,Nairobi,Maize,Wholesale,22.755555555555556
2010-04-15,Nairobi,Potatoes,Wholesale,25.133200000000002
2010-04-15,Nairobi,Sorghum,Wholesale,32.611111111111114
2010-04-15,Nairobi,Milk,Retail,46.0
2010-04-15,Nairobi,Oil (vegetable),Retail,140.0
2010-04-15,Nairobi,Beans,Wholesale,51.57
2010-04-15,Nairobi,Beans,Wholesale,52.93333333333334
2010-05-15,Nairobi,Maize,Wholesale,19.2
2010-05-15,Nairobi,Maize,Wholesale,21.88888888888889
2010-05-15,Nairobi,Potatoes,Wholesale,25.611
2010-05-15,Nairobi,Sorghum,Wholesale,33.333333333333336
2010-05-15,Nairobi,Milk,Retail,50.0
2010-05-15,Nairobi,Oil (vegetable),Retail,138.0
2010-05-15,Nairobi,Beans,Wholesale,46.97
2010-05-15,Nairobi,Beans,Wholesale,53.333333333333336
2010-06-15,Nairobi,Maize,Wholesale,18.68
2010-06-15,Nairobi,Maize,Wholesale,21.644444444444446
2010-06-15,Nairobi,Potatoes,Wholesale,25.6222
2010-06-15,Nairobi,Sorghum,Wholesale,33.24444444444445
2010-06-15,Nairobi,Milk,Retail,50.0
2010-06-15,Nairobi,Oil (vegetable),Retail,156.0
2010-06-15,Nairobi,Beans,Wholesale,50.3
2010-06-15,Nairobi,Beans,Wholesale,52.55555555555556
2010-07-15,Nairobi,Maize,Wholesale,13.61
2010-07-15,Nairobi,Maize,Wholesale,21.2
2010-07-15,Nairobi,Potatoes,Wholesale,33.0554
2010-07-15,Nairobi,Sorghum,Wholesale,33.93333333333334
2010-07-15,Nairobi,Milk,Retail,54.0
2010-07-15,Nairobi,Oil (vegetable),Retail,154.0
2010-07-15,Nairobi,Beans,Wholesale,44.2
2010-07-15,Nairobi,Beans,Wholesale,51.82222222222222
2010-08-15,Nairobi,Maize,Wholesale,15.25
2010-08-15,Nairobi,Maize,Wholesale,20.0
2010-08-15,Nairobi,Potatoes,Wholesale,38.8554
2010-08-15,Nairobi,Sorghum,Wholesale,33.25555555555556
2010-08-15,Nairobi,Milk,Retail,50.0
2010-08-15,Nairobi,Oil (vegetable),Retail,154.0
2010-08-15,Nairobi,Beans,Wholesale,49.06
2010-08-15,Nairobi,Beans,Wholesale,49.46666666666667
2010-09-15,Nairobi,Maize,Wholesale,16.71
2010-09-15,Nairobi,Maize,Wholesale,19.255555555555556
2010-09-15,Nairobi,Potatoes,Wholesale,40.7666
2010-09-15,Nairobi,Sorghum,Wholesale,32.266666666666666
2010-09-15,Nairobi,Milk,Retail,60.0
2010-09-15,Nairobi,Oil (vegetable),Retail,160.0
2010-09-15,Nairobi,Beans,Wholesale,56.05
2010-09-15,Nairobi,Beans,Wholesale,48.88888888888889
2010-10-15,Nairobi,Maize,Wholesale,16.86
2010-10-15,Nairobi,Maize,Wholesale,17.77777777777778
2010-10-15,Nairobi,Potatoes,Wholesale,36.333200000000005
2010-10-15,Nairobi,Sorghum,Wholesale,32.05555555555556
2010-10-15,Nairobi,Milk,Retail,68.0
2010-10-15,Nairobi,Oil (vegetable),Retail,182.0
2010-10-15,Nairobi,Beans,Wholesale,60.76
2010-10-15,Nairobi,Beans,Wholesale,49.44444444444444
2010-11-15,Nairobi,Maize,Wholesale,16.99
2010-11-15,Nairobi,Maize,Wholesale,17.77777777777778
2010-11-15,Nairobi,Potatoes,Wholesale,30.111
2010-11-15,Nairobi,Sorghum,Wholesale,33.05555555555556
2010-11-15,Nairobi,Milk,Retail,68.0
2010-11-15,Nairobi,Oil (vegetable),Retail,187.0
2010-11-15,Nairobi,Beans,Wholesale,62.99
2010-11-15,Nairobi,Beans,Wholesale,49.5
2010-12-15,Nairobi,Maize,Wholesale,16.95
2010-12-15,Nairobi,Maize,Wholesale,19.91111111111111
2010-12-15,Nairobi,Potatoes,Wholesale,29.022199999999998
2010-12-15,Nairobi,Sorghum,Wholesale,30.711111111111112
2010-12-15,Nairobi,Milk,Retail,68.0
2010-12-15,Nairobi,Oil (vegetable),Retail,192.0
2010-12-15,Nairobi,Beans,Wholesale,61.05
2010-12-15,Nairobi,Beans,Wholesale,52.800000000000004
2011-01-15,Nairobi,Maize,Wholesale,16.8
2011-01-15,Nairobi,Maize,Wholesale,22.22222222222222
2011-01-15,Nairobi,Potatoes,Wholesale,33.0998
2011-01-15,Nairobi,Sorghum,Wholesale,32.08888888888889
2011-01-15,Nairobi,Milk,Retail,68.0
2011-01-15,Nairobi,Oil (vegetable),Retail,196.0
2011-01-15,Nairobi,Beans,Wholesale,58.24
2011-01-15,Nairobi,Beans,Wholesale,52.55555555555556
2011-02-15,Nairobi,Maize,Wholesale,20.92
2011-02-15,Nairobi,Maize,Wholesale,23.18888888888889
2011-02-15,Nairobi,Potatoes,Wholesale,36.811
2011-02-15,Nairobi,Sorghum,Wholesale,33.22222222222222
2011-02-15,Nairobi,Milk,Retail,60.0
2011-02-15,Nairobi,Oil (vegetable),Retail,210.0
2011-02-15,Nairobi,Beans,Wholesale,55.46
2011-02-15,Nairobi,Beans,Wholesale,51.96666666666667
2011-03-15,Nairobi,Maize,Wholesale,23.39
2011-03-15,Nairobi,Maize,Wholesale,24.555555555555557
2011-03-15,Nairobi,Potatoes,Wholesale,60.111000000000004
2011-03-15,Nairobi,Sorghum,Wholesale,32.75555555555556
2011-03-15,Nairobi,Milk,Retail,64.0
2011-03-15,Nairobi,Oil (vegetable),Retail,215.0
2011-03-15,Nairobi,Beans,Wholesale,50.41
2011-03-15,Nairobi,Beans,Wholesale,57.611111111111114
2011-04-15,Nairobi,Maize,Wholesale,27.5
2011-04-15,Nairobi,Maize,Wholesale,27.77777777777778
2011-04-15,Nairobi,Potatoes,Wholesale,59.2222
2011-04-15,Nairobi,Sorghum,Wholesale,33.333333333333336
2011-04-15,Nairobi,Milk,Retail,60.0
2011-04-15,Nairobi,Oil (vegetable),Retail,225.0
2011-04-15,Nairobi,Beans,Wholesale,71.89
2011-04-15,Nairobi,Beans,Wholesale,80.96666666666667
2011-05-15,Nairobi,Maize,Wholesale,32.97
2011-05-15,Nairobi,Maize,Wholesale,35.47777777777778
2011-05-15,Nairobi,Potatoes,Wholesale,39.8666
2011-05-15,Nairobi,Sorghum,Wholesale,33.333333333333336
2011-05-15,Nairobi,Milk,Retail,60.0
2011-05-15,Nairobi,Oil (vegetable),Retail,230.0
2011-05-15,Nairobi,Beans,Wholesale,79.42
2011-05-15,Nairobi,Beans,Wholesale,79.1888888888889
2011-06-15,Nairobi,Maize,Wholesale,39.77
2011-06-15,Nairobi,Maize,Wholesale,42.22222222222222
2011-06-15,Nairobi,Potatoes,Wholesale,29.5554
2011-06-15,Nairobi,Sorghum,Wholesale,36.38888888888889
2011-06-15,Nairobi,Milk,Retail,60.0
2011-06-15,Nairobi,Oil (vegetable),Retail,230.0
2011-06-15,Nairobi,Beans,Wholesale,83.12
2011-06-15,Nairobi,Beans,Wholesale,69.83333333333334
2011-07-15,Nairobi,Maize,Wholesale,45.58
2011-07-15,Nairobi,Maize,Wholesale,46.94444444444444
2011-07-15,Nairobi,Potatoes,Wholesale,20.8332
2011-07-15,Nairobi,Sorghum,Wholesale,41.333333333333336
2011-07-15,Nairobi,Milk,Retail,60.0
2011-07-15,Nairobi,Oil (vegetable),Retail,225.0
2011-07-15,Nairobi,Beans,Wholesale,63.53
2011-07-15,Nairobi,Beans,Wholesale,54.94444444444445
2011-08-15,Nairobi,Maize,Wholesale,42.93
2011-08-15,Nairobi,Maize,Wholesale,42.333333333333336
2011-08-15,Nairobi,Potatoes,Wholesale,22.5
2011-08-15,Nairobi,Sorghum,Wholesale,42.111111111111114
2011-08-15,Nairobi,Milk,Retail,60.0
2011-08-15,Nairobi,Oil (vegetable),Retail,215.0
2011-08-15,Nairobi,Beans,Wholesale,60.12
2011-08-15,Nairobi,Beans,Wholesale,61.22222222222222
2011-09-15,Nairobi,Maize,Wholesale,34.0
2011-09-15,Nairobi,Maize,Wholesale,34.577777777777776
2011-09-15,Nairobi,Potatoes,Wholesale,27.933200000000003
2011-09-15,Nairobi,Sorghum,Wholesale,40.0
2011-09-15,Nairobi,Milk,Retail,60.0
2011-09-15,Nairobi,Oil (vegetable),Retail,220.0
2011-09-15,Nairobi,Beans,Wholesale,75.44
2011-09-15,Nairobi,Beans,Wholesale,76.06666666666666
2011-10-15,Nairobi,Maize,Wholesale,33.63
2011-10-15,Nairobi,Maize,Wholesale,33.97777777777778
2011-10-15,Nairobi,Potatoes,Wholesale,36.077600000000004
2011-10-15,Nairobi,Sorghum,Wholesale,40.0
2011-10-15,Nairobi,Milk,Retail,60.0
2011-10-15,Nairobi,Oil (vegetable),Retail,220.0
2011-10-15,Nairobi,Beans,Wholesale,67.18
2011-10-15,Nairobi,Beans,Wholesale,65.74444444444444
2011-11-15,Nairobi,Maize,Wholesale,35.52
2011-11-15,Nairobi,Maize,Wholesale,35.55555555555556
2011-11-15,Nairobi,Potatoes,Wholesale,39.2444
2011-11-15,Nairobi,Sorghum,Wholesale,40.88888888888889
2011-11-15,Nairobi,Milk,Retail,60.0
2011-11-15,Nairobi,Oil (vegetable),Retail,217.0
2011-11-15,Nairobi,Beans,Wholesale,59.56
2011-11-15,Nairobi,Beans,Wholesale,62.0
2011-12-15,Nairobi,Maize,Wholesale,35.72
2011-12-15,Nairobi,Maize,Wholesale,35.55555555555556
2011-12-15,Nairobi,Potatoes,Wholesale,37.6664
2011-12-15,Nairobi,Sorghum,Wholesale,40.5
2011-12-15,Nairobi,Milk,Retail,60.0
2011-12-15,Nairobi,Oil (vegetable),Retail,220.0
2011-12-15,Nairobi,Beans,Wholesale,61.4
2011-12-15,Nairobi,Beans,Wholesale,64.11111111111111
2012-01-15,Nairobi,Maize,Wholesale,34.49
2012-01-15,Nairobi,Maize,Wholesale,33.333333333333336
2012-01-15,Nairobi,Potatoes,Wholesale,42.7776
2012-01-15,Nairobi,Sorghum,Wholesale,40.55555555555556
2012-01-15,Nairobi,Milk,Retail,70.0
2012-01-15,Nairobi,Oil (vegetable),Retail,250.0
2012-01-15,Nairobi,Beans,Wholesale,58.57
2012-01-15,Nairobi,Beans,Wholesale,57.77777777777778
2012-02-15,Nairobi,Maize,Wholesale,30.2
2012-02-15,Nairobi,Maize,Wholesale,30.0
2012-02-15,Nairobi,Potatoes,Wholesale,43.3332
2012-02-15,Nairobi,Sorghum,Wholesale,42.22222222222222
2012-02-15,Nairobi,Milk,Retail,78.0
2012-02-15,Nairobi,Oil (vegetable),Retail,250.0
2012-02-15,Nairobi,Beans,Wholesale,57.16
2012-02-15,Nairobi,Beans,Wholesale,60.0
2012-03-15,Nairobi,Maize,Wholesale,29.5
2012-03-15,Nairobi,Maize,Wholesale,29.88888888888889
2012-03-15,Nairobi,Potatoes,Wholesale,51.6664
2012-03-15,Nairobi,Sorghum,Wholesale,39.38888888888889
2012-03-15,Nairobi,Milk,Retail,90.0
2012-03-15,Nairobi,Oil (vegetable),Retail,250.0
2012-03-15,Nairobi,Beans,Wholesale,60.26
2012-03-15,Nairobi,Beans,Wholesale,66.11111111111111
2012-04-15,Nairobi,Maize,Wholesale,30.54
2012-04-15,Nairobi,Maize,Wholesale,30.833333333333336
2012-04-15,Nairobi,Potatoes,Wholesale,51.3776
2012-04-15,Nairobi,Sorghum,Wholesale,37.5
2012-04-15,Nairobi,Milk,Retail,96.0
2012-04-15,Nairobi,Oil (vegetable),Retail,230.0
2012-04-15,Nairobi,Beans,Wholesale,63.98
2012-04-15,Nairobi,Beans,Wholesale,67.5
2012-05-15,Nairobi,Maize,Wholesale,35.96
2012-05-15,Nairobi,Maize,Wholesale,44.44444444444444
2012-05-15,Nairobi,Potatoes,Wholesale,42.222
2012-05-15,Nairobi,Sorghum,Wholesale,38.88888888888889
2012-05-15,Nairobi,Milk,Retail,86.0
2012-05-15,Nairobi,Oil (vegetable),Retail,230.0
2012-05-15,Nairobi,Beans,Wholesale,64.71
2012-05-15,Nairobi,Beans,Wholesale,75.55555555555556
2012-06-15,Nairobi,Maize,Wholesale,38.31
2012-06-15,Nairobi,Maize,Wholesale,40.55555555555556
2012-06-15,Nairobi,Potatoes,Wholesale,40.9442
2012-06-15,Nairobi,Sorghum,Wholesale,41.111111111111114
2012-06-15,Nairobi,Milk,Retail,80.0
2012-06-15,Nairobi,Oil (vegetable),Retail,230.0
2012-06-15,Nairobi,Beans,Wholesale,63.83
2012-06-15,Nairobi,Beans,Wholesale,69.33333333333334
2012-07-15,Nairobi,Maize,Wholesale,35.59
2012-07-15,Nairobi,Maize,Wholesale,40.16666666666667
2012-07-15,Nairobi,Potatoes,Wholesale,33.333200000000005
2012-07-15,Nairobi,Sorghum,Wholesale,40.0
2012-07-15,Nairobi,Milk,Retail,76.0
2012-07-15,Nairobi,Oil (vegetable),Retail,230.0
2012-07-15,Nairobi,Beans,Wholesale,60.23
2012-07-15,Nairobi,Beans,Wholesale,58.77777777777778
2012-08-15,Nairobi,Maize,Wholesale,35.22
2012-08-15,Nairobi,Maize,Wholesale,37.63333333333333
2012-08-15,Nairobi,Potatoes,Wholesale,36.144400000000005
2012-08-15,Nairobi,Sorghum,Wholesale,33.333333333333336
2012-08-15,Nairobi,Milk,Retail,70.0
2012-08-15,Nairobi,Oil (vegetable),Retail,230.0
2012-08-15,Nairobi,Beans,Wholesale,51.7
2012-08-15,Nairobi,Beans,Wholesale,57.38888888888889
2012-09-15,Nairobi,Maize,Wholesale,35.88
2012-09-15,Nairobi,Maize,Wholesale,35.6
2012-09-15,Nairobi,Sorghum,Wholesale,41.111111111111114
2012-09-15,Nairobi,Milk,Retail,60.0
2012-09-15,Nairobi,Oil (vegetable),Retail,233.0
2012-09-15,Nairobi,Beans,Wholesale,53.36
2012-09-15,Nairobi,Beans,Wholesale,52.32222222222222
2012-10-15,Nairobi,Maize,Wholesale,37.83
2012-10-15,Nairobi,Maize,Wholesale,32.66666666666667
2012-10-15,Nairobi,Potatoes,Wholesale,51.1554
2012-10-15,Nairobi,Sorghum,Wholesale,42.31111111111111
2012-10-15,Nairobi,Milk,Retail,70.0
2012-10-15,Nairobi,Oil (vegetable),Retail,233.0
2012-10-15,Nairobi,Beans,Wholesale,57.08
2012-10-15,Nairobi,Beans,Wholesale,59.6
2012-11-15,Nairobi,Maize,Wholesale,37.86
2012-11-15,Nairobi,Maize,Wholesale,32.38888888888889
2012-11-15,Nairobi,Potatoes,Wholesale,48.3886
2012-11-15,Nairobi,Sorghum,Wholesale,42.0
2012-11-15,Nairobi,Milk,Retail,60.0
2012-11-15,Nairobi,Oil (vegetable),Retail,240.0
2012-11-15,Nairobi,Beans,Wholesale,61.76
2012-11-15,Nairobi,Beans,Wholesale,57.77777777777778
2012-12-15,Nairobi,Maize,Wholesale,33.95
2012-12-15,Nairobi,Maize,Wholesale,33.25555555555556
2012-12-15,Nairobi,Potatoes,Wholesale,37.5554
2012-12-15,Nairobi,Milk,Retail,56.0
2012-12-15,Nairobi,Oil (vegetable),Retail,250.0
2012-12-15,Nairobi,Beans,Wholesale,58.58
2012-12-15,Nairobi,Beans,Wholesale,57.77777777777778
2013-01-15,Nairobi,Maize,Wholesale,30.28
2013-01-15,Nairobi,Maize,Wholesale,33.333333333333336
2013-01-15,Nairobi,Potatoes,Wholesale,39.3554
2013-01-15,Nairobi,Sorghum,Wholesale,48.44444444444444
2013-01-15,Nairobi,Milk,Retail,90.0
2013-01-15,Nairobi,Oil (vegetable),Retail,230.0
2013-01-15,Nairobi,Beans,Wholesale,61.84
2013-01-15,Nairobi,Beans,Wholesale,56.800000000000004
2013-02-15,Nairobi,Maize,Wholesale,30.97
2013-02-15,Nairobi,Maize,Wholesale,33.333333333333336
2013-02-15,Nairobi,Potatoes,Wholesale,31.9998
2013-02-15,Nairobi,Sorghum,Wholesale,60.66666666666667
2013-02-15,Nairobi,Milk,Retail,90.0
2013-02-15,Nairobi,Oil (vegetable),Retail,230.0
2013-02-15,Nairobi,Beans,Wholesale,60.83
2013-02-15,Nairobi,Beans,Wholesale,56.44444444444445
2013-03-15,Nairobi,Maize,Wholesale,31.55
2013-03-15,Nairobi,Maize,Wholesale,35.0
2013-03-15,Nairobi,Potatoes,Wholesale,37.733200000000004
2013-03-15,Nairobi,Sorghum,Wholesale,61.111111111111114
2013-03-15,Nairobi,Milk,Retail,80.0
2013-03-15,Nairobi,Oil (vegetable),Retail,240.0
2013-03-15,Nairobi,Beans,Wholesale,72.52
2013-03-15,Nairobi,Beans,Wholesale,70.27777777777779
2013-04-15,Nairobi,Maize,Wholesale,31.0
2013-04-15,Nairobi,Maize,Wholesale,33.111111111111114
2013-04-15,Nairobi,Potatoes,Wholesale,34.644200000000005
2013-04-15,Nairobi,Sorghum,Wholesale,49.111111111111114
2013-04-15,Nairobi,Milk,Retail,78.0
2013-04-15,Nairobi,Oil (vegetable),Retail,230.0
2013-04-15,Nairobi,Beans,Wholesale,69.78
2013-04-15,Nairobi,Beans,Wholesale,65.97777777777777
2013-05-15,Nairobi,Maize,Wholesale,31.42
2013-05-15,Nairobi,Maize,Wholesale,33.15555555555556
2013-05-15,Nairobi,Potatoes,Wholesale,38.3664
2013-05-15,Nairobi,Sorghum,Wholesale,51.55555555555556
2013-05-15,Nairobi,Milk,Retail,76.0
2013-05-15,Nairobi,Oil (vegetable),Retail,220.0
2013-05-15,Nairobi,Beans,Wholesale,64.53
2013-05-15,Nairobi,Beans,Wholesale,66.11111111111111
2013-06-15,Nairobi,Maize,Wholesale,32.01
2013-06-15,Nairobi,Maize,Wholesale,33.55555555555556
2013-06-15,Nairobi,Potatoes,Wholesale,41.2222
2013-06-15,Nairobi,Sorghum,Wholesale,43.111111111111114
2013-06-15,Nairobi,Milk,Retail,78.0
2013-06-15,Nairobi,Oil (vegetable),Retail,219.0
2013-06-15,Nairobi,Beans,Wholesale,59.31
2013-06-15,Nairobi,Beans,Wholesale,62.77777777777778
2013-07-15,Nairobi,Maize,Wholesale,31.23
2013-07-15,Nairobi,Maize,Wholesale,33.77777777777778
2013-07-15,Nairobi,Potatoes,Wholesale,33.644400000000005
2013-07-15,Nairobi,Sorghum,Wholesale,38.0
2013-07-15,Nairobi,Milk,Retail,80.0
2013-07-15,Nairobi,Oil (vegetable),Retail,200.0
2013-07-15,Nairobi,Beans,Wholesale,58.79
2013-07-15,Nairobi,Beans,Wholesale,65.77777777777779
2013-08-15,Nairobi,Maize,Wholesale,29.31
2013-08-15,Nairobi,Maize,Wholesale,32.38888888888889
2013-08-15,Nairobi,Potatoes,Wholesale,36.833200000000005
2013-08-15,Nairobi,Sorghum,Wholesale,45.0
2013-08-15,Nairobi,Milk,Retail,90.0
2013-08-15,Nairobi,Oil (vegetable),Retail,199.0
2013-08-15,Nairobi,Beans,Wholesale,65.85
2013-08-15,Nairobi,Beans,Wholesale,69.16666666666667
2013-09-15,Nairobi,Maize,Wholesale,32.43
2013-09-15,Nairobi,Maize,Wholesale,31.77777777777778
2013-09-15,Nairobi,Potatoes,Wholesale,38.1664
2013-09-15,Nairobi,Sorghum,Wholesale,37.144444444444446
2013-09-15,Nairobi,Milk,Retail,114.0
2013-09-15,Nairobi,Oil (vegetable),Retail,219.0
2013-09-15,Nairobi,Beans,Wholesale,72.53
2013-09-15,Nairobi,Beans,Wholesale,61.72222222222222
2013-10-15,Nairobi,Maize,Wholesale,33.7
2013-10-15,Nairobi,Maize,Wholesale,35.01111111111111
2013-10-15,Nairobi,Potatoes,Wholesale,36.4554
2013-10-15,Nairobi,Sorghum,Wholesale,38.56666666666667
2013-10-15,Nairobi,Milk,Retail,90.0
2013-10-15,Nairobi,Oil (vegetable),Retail,219.0
2013-10-15,Nairobi,Beans,Wholesale,71.22
2013-10-15,Nairobi,Beans,Wholesale,69.96666666666667
2013-11-15,Nairobi,Maize,Wholesale,34.18
2013-11-15,Nairobi,Maize,Wholesale,35.422222222222224
2013-11-15,Nairobi,Potatoes,Wholesale,36.2222
2013-11-15,Nairobi,Sorghum,Wholesale,37.91111111111111
2013-11-15,Nairobi,Milk,Retail,90.0
2013-11-15,Nairobi,Oil (vegetable),Retail,224.0
2013-11-15,Nairobi,Beans,Wholesale,60.92
2013-11-15,Nairobi,Beans,Wholesale,69.02222222222223
2013-12-15,Nairobi,Maize,Wholesale,34.05
2013-12-15,Nairobi,Maize,Wholesale,33.422222222222224
2013-12-15,Nairobi,Potatoes,Wholesale,38.7
2013-12-15,Nairobi,Sorghum,Wholesale,37.94444444444444
2013-12-15,Nairobi,Milk,Retail,86.0
2013-12-15,Nairobi,Oil (vegetable),Retail,180.0
2013-12-15,Nairobi,Beans,Wholesale,61.09
2013-12-15,Nairobi,Beans,Wholesale,66.66666666666667
2014-01-15,Nairobi,Maize,Wholesale,32.7
2014-01-15,Nairobi,Maize,Wholesale,35.833333333333336
2014-01-15,Nairobi,Potatoes,Wholesale,32.711
2014-01-15,Nairobi,Sorghum,Wholesale,38.7
2014-01-15,Nairobi,Milk,Retail,90.0
2014-01-15,Nairobi,Oil (vegetable),Retail,226.25
2014-01-15,Nairobi,Beans,Wholesale,65.32
2014-01-15,Nairobi,Beans,Wholesale,66.66666666666667
2014-02-15,Nairobi,Maize,Wholesale,33.05
2014-02-15,Nairobi,Maize,Wholesale,35.94444444444444
2014-02-15,Nairobi,Potatoes,Wholesale,33.677600000000005
2014-02-15,Nairobi,Sorghum,Wholesale,40.0
2014-02-15,Nairobi,Milk,Retail,86.66
2014-02-15,Nairobi,Oil (vegetable),Retail,226.25
2014-02-15,Nairobi,Beans,Wholesale,68.41
2014-02-15,Nairobi,Beans,Wholesale,68.3
2014-03-15,Nairobi,Maize,Wholesale,33.0
2014-03-15,Nairobi,Maize,Wholesale,35.208333333333336
2014-03-15,Nairobi,Potatoes,Wholesale,35.6388
2014-03-15,Nairobi,Sorghum,Wholesale,40.76388888888889
2014-03-15,Nairobi,Milk,Retail,85.0
2014-03-15,Nairobi,Oil (vegetable),Retail,226.25
2014-03-15,Nairobi,Beans,Wholesale,68.62
2014-03-15,Nairobi,Beans,Wholesale,71.76388888888889
2014-04-15,Nairobi,Maize,Wholesale,33.04
2014-04-15,Nairobi,Maize,Wholesale,34.5
2014-04-15,Nairobi,Potatoes,Wholesale,40.222
2014-04-15,Nairobi,Sorghum,Wholesale,42.22222222222222
2014-04-15,Nairobi,Milk,Retail,90.0
2014-04-15,Nairobi,Oil (vegetable),Retail,230.0
2014-04-15,Nairobi,Beans,Wholesale,67.07
2014-04-15,Nairobi,Beans,Wholesale,74.0
2014-05-15,Nairobi,Maize,Wholesale,35.87
2014-05-15,Nairobi,Maize,Wholesale,34.44444444444444
2014-05-15,Nairobi,Potatoes,Wholesale,44.12220000000001
2014-05-15,Nairobi,Sorghum,Wholesale,44.233333333333334
2014-05-15,Nairobi,Milk,Retail,90.0
2014-05-15,Nairobi,Oil (vegetable),Retail,202.25
2014-05-15,Nairobi,Beans,Wholesale,68.89
2014-05-15,Nairobi,Beans,Wholesale,75.82222222222222
2014-06-15,Nairobi,Maize,Wholesale,35.0
2014-06-15,Nairobi,Maize,Wholesale,37.15555555555556
2014-06-15,Nairobi,Potatoes,Wholesale,37.2888
2014-06-15,Nairobi,Sorghum,Wholesale,44.58888888888889
2014-06-15,Nairobi,Milk,Retail,87.26
2014-06-15,Nairobi,Oil (vegetable),Retail,200.0
2014-06-15,Nairobi,Beans,Wholesale,66.84
2014-06-15,Nairobi,Beans,Wholesale,71.66666666666667
2014-07-15,Nairobi,Maize,Wholesale,28.39
2014-07-15,Nairobi,Maize,Wholesale,37.60322222222222
2014-07-15,Nairobi,Potatoes,Wholesale,34.5394
2014-07-15,Nairobi,Sorghum,Wholesale,46.50788888888889
2014-07-15,Nairobi,Milk,Retail,86.0
2014-07-15,Nairobi,Oil (vegetable),Retail,190.0
2014-07-15,Nairobi,Beans,Wholesale,48.81
2014-07-15,Nairobi,Beans,Wholesale,52.60322222222222
2014-08-15,Nairobi,Maize,Wholesale,25.94
2014-08-15,Nairobi,Maize,Wholesale,32.91666666666667
2014-08-15,Nairobi,Potatoes,Wholesale,30.902600000000003
2014-08-15,Nairobi,Sorghum,Wholesale,44.0
2014-08-15,Nairobi,Milk,Retail,84.0
2014-08-15,Nairobi,Oil (vegetable),Retail,160.0
2014-08-15,Nairobi,Beans,Wholesale,52.14
2014-08-15,Nairobi,Beans,Wholesale,59.51388888888889
2014-09-15,Nairobi,Maize,Wholesale,29.29
2014-09-15,Nairobi,Maize,Wholesale,29.955555555555556
2014-09-15,Nairobi,Potatoes,Wholesale,31.066599999999998
2014-09-15,Nairobi,Sorghum,Wholesale,43.46666666666667
2014-09-15,Nairobi,Milk,Retail,91.5
2014-09-15,Nairobi,Oil (vegetable),Retail,177.5
2014-09-15,Nairobi,Beans,Wholesale,55.19
2014-09-15,Nairobi,Beans,Wholesale,61.68888888888889
2014-10-15,Nairobi,Maize,Wholesale,26.12
2014-10-15,Nairobi,Maize,Wholesale,26.691333333333333
2014-10-15,Nairobi,Potatoes,Wholesale,33.2776
2014-10-15,Nairobi,Sorghum,Wholesale,40.29633333333334
2014-10-15,Nairobi,Milk,Retail,97.7
2014-10-15,Nairobi,Oil (vegetable),Retail,221.75
2014-10-15,Nairobi,Beans,Wholesale,55.07
2014-10-15,Nairobi,Beans,Wholesale,62.22222222222222
2014-11-15,Nairobi,Maize,Wholesale,25.57
2014-11-15,Nairobi,Maize,Wholesale,28.35188888888889
2014-11-15,Nairobi,Potatoes,Wholesale,38.907399999999996
2014-11-15,Nairobi,Sorghum,Wholesale,40.94444444444444
2014-11-15,Nairobi,Milk,Retail,90.0
2014-11-15,Nairobi,Oil (vegetable),Retail,222.0
2014-11-15,Nairobi,Beans,Wholesale,55.3
2014-11-15,Nairobi,Beans,Wholesale,61.29633333333334
2014-12-15,Nairobi,Maize,Wholesale,26.39
2014-12-15,Nairobi,Maize,Wholesale,24.634888888888888
2014-12-15,Nairobi,Potatoes,Wholesale,31.619000000000003
2014-12-15,Nairobi,Sorghum,Wholesale,41.58733333333333
2014-12-15,Nairobi,Milk,Retail,86.0
2014-12-15,Nairobi,Oil (vegetable),Retail,220.0
2014-12-15,Nairobi,Beans,Wholesale,53.31
2014-12-15,Nairobi,Beans,Wholesale,64.44444444444444
2015-01-15,Nairobi,Maize,Wholesale,27.57
2015-01-15,Nairobi,Maize,Wholesale,26.177777777777777
2015-01-15,Nairobi,Potatoes,Wholesale,34.2888
2015-01-15,Nairobi,Sorghum,Wholesale,40.82222222222222
2015-01-15,Nairobi,Milk,Retail,86.0
2015-01-15,Nairobi,Oil (vegetable),Retail,215.0
2015-01-15,Nairobi,Beans,Wholesale,58.26
2015-01-15,Nairobi,Beans,Wholesale,63.28888888888889
2015-02-15,Nairobi,Maize,Wholesale,25.48
2015-02-15,Nairobi,Maize,Wholesale,26.61111111111111
2015-02-15,Nairobi,Potatoes,Wholesale,34.4442
2015-02-15,Nairobi,Sorghum,Wholesale,41.22222222222222
2015-02-15,Nairobi,Milk,Retail,86.0
2015-02-15,Nairobi,Oil (vegetable),Retail,208.0
2015-02-15,Nairobi,Beans,Wholesale,63.88
2015-02-15,Nairobi,Beans,Wholesale,70.11111111111111
2015-03-15,Nairobi,Maize,Wholesale,25.57
2015-03-15,Nairobi,Maize,Wholesale,26.703666666666667
2015-03-15,Nairobi,Potatoes,Wholesale,28.5368
2015-03-15,Nairobi,Sorghum,Wholesale,43.22222222222222
2015-03-15,Nairobi,Milk,Retail,90.0
2015-03-15,Nairobi,Oil (vegetable),Retail,210.0
2015-03-15,Nairobi,Beans,Wholesale,72.9
2015-03-15,Nairobi,Beans,Wholesale,71.11111111111111
2015-04-15,Nairobi,Maize,Wholesale,32.77
2015-04-15,Nairobi,Maize,Wholesale,31.477777777777778
2015-04-15,Nairobi,Potatoes,Wholesale,28.4816
2015-04-15,Nairobi,Sorghum,Wholesale,41.66666666666667
2015-04-15,Nairobi,Milk,Retail,90.0
2015-04-15,Nairobi,Oil (vegetable),Retail,205.0
2015-04-15,Nairobi,Beans,Wholesale,80.5
2015-04-15,Nairobi,Beans,Wholesale,78.88888888888889
2015-05-15,Nairobi,Maize,Wholesale,35.4
2015-05-15,Nairobi,Maize,Wholesale,33.333333333333336
2015-05-15,Nairobi,Potatoes,Wholesale,29.1272
2015-05-15,Nairobi,Sorghum,Wholesale,41.24444444444445
2015-05-15,Nairobi,Milk,Retail,90.0
2015-05-15,Nairobi,Oil (vegetable),Retail,200.0
2015-05-15,Nairobi,Beans,Wholesale,89.18
2015-05-15,Nairobi,Beans,Wholesale,81.73333333333333
2015-06-15,Nairobi,Maize,Wholesale,35.56
2015-06-15,Nairobi,Maize,Wholesale,31.666666666666668
2015-06-15,Nairobi,Potatoes,Wholesale,23.3
2015-06-15,Nairobi,Sorghum,Wholesale,40.833333333333336
2015-06-15,Nairobi,Milk,Retail,90.0
2015-06-15,Nairobi,Oil (vegetable),Retail,190.0
2015-06-15,Nairobi,Beans,Wholesale,66.17
2015-06-15,Nairobi,Beans,Wholesale,81.38888888888889
2015-07-15,Nairobi,Maize,Wholesale,36.92
2015-07-15,Nairobi,Maize,Wholesale,32.037
2015-07-15,Nairobi,Potatoes,Wholesale,13.7876
2015-07-15,Nairobi,Sorghum,Wholesale,39.074111111111115
2015-07-15,Nairobi,Milk,Retail,100.0
2015-07-15,Nairobi,Oil (vegetable),Retail,150.0
2015-07-15,Nairobi,Beans,Wholesale,60.52
2015-07-15,Nairobi,Beans,Wholesale,71.11111111111111
2015-08-15,Nairobi,Maize,Wholesale,38.2
2015-08-15,Nairobi,Maize,Wholesale,32.77777777777778
2015-08-15,Nairobi,Potatoes,Wholesale,34.0
2015-08-15,Nairobi,Sorghum,Wholesale,39.44444444444444
2015-08-15,Nairobi,Milk,Retail,110.0
2015-08-15,Nairobi,Oil (vegetable),Retail,200.0
2015-08-15,Nairobi,Beans,Wholesale,60.32
2015-08-15,Nairobi,Beans,Wholesale,65.0
2015-09-15,Nairobi,Maize,Wholesale,35.69
2015-09-15,Nairobi,Maize,Wholesale,32.63888888888889
2015-09-15,Nairobi,Potatoes,Wholesale,48.4
2015-09-15,Nairobi,Sorghum,Wholesale,38.30555555555556
2015-09-15,Nairobi,Milk,Retail,100.0
2015-09-15,Nairobi,Oil (vegetable),Retail,200.0
2015-09-15,Nairobi,Beans,Wholesale,60.72222222222222
2015-10-15,Nairobi,Maize,Wholesale,33.18
2015-10-15,Nairobi,Maize,Wholesale,31.211111111111112
2015-10-15,Nairobi,Potatoes,Wholesale,54.64
2015-10-15,Nairobi,Sorghum,Wholesale,40.333333333333336
2015-10-15,Nairobi,Milk,Retail,100.0
2015-10-15,Nairobi,Oil (vegetable),Retail,180.0
2015-10-15,Nairobi,Beans,Wholesale,62.45
2015-10-15,Nairobi,Beans,Wholesale,64.63333333333334
2015-11-15,Nairobi,Maize,Wholesale,32.47
2015-11-15,Nairobi,Maize,Wholesale,31.400000000000002
2015-11-15,Nairobi,Potatoes,Wholesale,58.6
2015-11-15,Nairobi,Sorghum,Wholesale,38.644444444444446
2015-11-15,Nairobi,Milk,Retail,100.0
2015-11-15,Nairobi,Oil (vegetable),Retail,175.0
2015-11-15,Nairobi,Beans,Wholesale,66.44444444444444
2015-12-15,Nairobi,Maize,Wholesale,31.77
2015-12-15,Nairobi,Maize,Wholesale,29.68888888888889
2015-12-15,Nairobi,Potatoes,Wholesale,44.86
2015-12-15,Nairobi,Sorghum,Wholesale,37.644444444444446
2015-12-15,Nairobi,Milk,Retail,100.0
2015-12-15,Nairobi,Oil (vegetable),Retail,181.0
2015-12-15,Nairobi,Beans,Wholesale,66.27777777777779
2016-01-15,Nairobi,Maize,Wholesale,31.23
2016-01-15,Nairobi,Maize,Wholesale,28.055555555555557
2016-01-15,Nairobi,Potatoes,Wholesale,40.9
2016-01-15,Nairobi,Sorghum,Wholesale,36.16666666666667
2016-01-15,Nairobi,Milk,Retail,96.0
2016-01-15,Nairobi,Oil (vegetable),Retail,182.0
2016-01-15,Nairobi,Beans,Wholesale,65.83333333333334
2016-02-15,Nairobi,Maize,Wholesale,31.09
2016-02-15,Nairobi,Maize,Wholesale,29.5
2016-02-15,Nairobi,Potatoes,Wholesale,41.300000000000004
2016-02-15,Nairobi,Sorghum,Wholesale,34.16666666666667
2016-02-15,Nairobi,Milk,Retail,90.0
2016-02-15,Nairobi,Oil (vegetable),Retail,183.0
2016-02-15,Nairobi,Beans,Wholesale,64.16666666666667
2016-03-15,Nairobi,Maize,Wholesale,30.43
2016-03-15,Nairobi,Maize,Wholesale,29.333333333333336
2016-03-15,Nairobi,Potatoes,Wholesale,49.2
2016-03-15,Nairobi,Sorghum,Wholesale,38.66666666666667
2016-03-15,Nairobi,Milk,Retail,96.0
2016-03-15,Nairobi,Oil (vegetable),Retail,180.0
2016-03-15,Nairobi,Beans,Wholesale,66.22222222222223
2016-04-15,Nairobi,Maize,Wholesale,31.05
2016-04-15,Nairobi,Potatoes,Wholesale,54.6
2016-05-15,Nairobi,Maize,Wholesale,30.81
2016-05-15,Nairobi,Maize,Wholesale,29.455555555555556
2016-05-15,Nairobi,Potatoes,Wholesale,56.7
2016-05-15,Nairobi,Sorghum,Wholesale,38.86666666666667
2016-05-15,Nairobi,Milk,Retail,100.0
2016-05-15,Nairobi,Oil (vegetable),Retail,185.0
2016-05-15,Nairobi,Beans,Wholesale,66.0
2016-06-15,Nairobi,Maize,Wholesale,32.18
2016-06-15,Nairobi,Maize,Wholesale,27.6
2016-06-15,Nairobi,Potatoes,Wholesale,52.7
2016-06-15,Nairobi,Sorghum,Wholesale,37.266666666666666
2016-06-15,Nairobi,Milk,Retail,100.0
2016-06-15,Nairobi,Oil (vegetable),Retail,185.0
2016-06-15,Nairobi,Beans,Wholesale,64.7
2016-07-15,Nairobi,Maize,Wholesale,31.96
2016-07-15,Nairobi,Maize,Wholesale,29.572222222222223
2016-07-15,Nairobi,Potatoes,Wholesale,51.0562
2016-07-15,Nairobi,Sorghum,Wholesale,35.315333333333335
2016-07-15,Nairobi,Milk,Retail,104.0
2016-07-15,Nairobi,Oil (vegetable),Retail,180.0
2016-07-15,Nairobi,Beans,Wholesale,69.2521111111111
2016-08-15,Nairobi,Maize,Wholesale,29.96
2016-08-15,Nairobi,Maize,Wholesale,32.10366666666667
2016-08-15,Nairobi,Potatoes,Wholesale,49.4666
2016-08-15,Nairobi,Sorghum,Wholesale,36.84444444444445
2016-08-15,Nairobi,Milk,Retail,106.0
2016-08-15,Nairobi,Oil (vegetable),Retail,180.0
2016-08-15,Nairobi,Beans,Wholesale,69.74811111111111
2016-09-15,Nairobi,Maize,Wholesale,30.01
2016-09-15,Nairobi,Maize,Wholesale,32.72222222222222
2016-09-15,Nairobi,Potatoes,Wholesale,54.64
2016-09-15,Nairobi,Sorghum,Wholesale,36.68888888888889
2016-09-15,Nairobi,Milk,Retail,96.0
2016-09-15,Nairobi,Oil (vegetable),Retail,178.0
2016-09-15,Nairobi,Beans,Wholesale,67.63333333333334
2016-10-15,Nairobi,Maize,Wholesale,32.59
2016-10-15,Nairobi,Maize,Wholesale,31.75
2016-10-15,Nairobi,Potatoes,Wholesale,59.300000000000004
2016-10-15,Nairobi,Sorghum,Wholesale,37.833333333333336
2016-10-15,Nairobi,Milk,Retail,96.0
2016-10-15,Nairobi,Oil (vegetable),Retail,176.0
2016-10-15,Nairobi,Beans,Wholesale,67.27777777777779
2016-11-15,Nairobi,Maize,Wholesale,32.0
2016-11-15,Nairobi,Maize,Wholesale,32.22222222222222
2016-11-15,Nairobi,Potatoes,Wholesale,54.800000000000004
2016-11-15,Nairobi,Sorghum,Wholesale,39.55555555555556
2016-11-15,Nairobi,Milk,Retail,96.0
2016-11-15,Nairobi,Oil (vegetable),Retail,175.0
2016-11-15,Nairobi,Beans,Wholesale,67.33333333333334
2016-12-15,Nairobi,Maize,Wholesale,31.8
2016-12-15,Nairobi,Maize,Wholesale,30.48888888888889
2016-12-15,Nairobi,Potatoes,Wholesale,51.78
2016-12-15,Nairobi,Sorghum,Wholesale,41.111111111111114
2016-12-15,Nairobi,Milk,Retail,98.0
2016-12-15,Nairobi,Oil (vegetable),Retail,172.0
2016-12-15,Nairobi,Beans,Wholesale,64.66666666666667
2017-01-15,Nairobi,Maize,Wholesale,31.86
2017-01-15,Nairobi,Maize,Wholesale,33.800000000000004
2017-01-15,Nairobi,Potatoes,Wholesale,56.06
2017-01-15,Nairobi,Sorghum,Wholesale,41.28888888888889
2017-01-15,Nairobi,Milk,Retail,98.0
2017-01-15,Nairobi,Oil (vegetable),Retail,175.0
2017-01-15,Nairobi,Beans,Wholesale,67.01333333333334
2017-02-15,Nairobi,Maize,Wholesale,40.52
2017-02-15,Nairobi,Maize,Wholesale,42.41666666666667
2017-02-15,Nairobi,Potatoes,Wholesale,57.875
2017-02-15,Nairobi,Sorghum,Wholesale,41.5
2017-02-15,Nairobi,Milk,Retail,100.0
2017-02-15,Nairobi,Oil (vegetable),Retail,180.0
2017-02-15,Nairobi,Beans,Wholesale,77.46111111111111
2017-03-15,Nairobi,Maize,Wholesale,44.99
2017-03-15,Nairobi,Maize,Wholesale,43.333333333333336
2017-03-15,Nairobi,Potatoes,Wholesale,57.44
2017-03-15,Nairobi,Sorghum,Wholesale,44.17777777777778
2017-03-15,Nairobi,Beans,Wholesale,78.04444444444445
2017-04-15,Nairobi,Maize,Wholesale,45.0
2017-04-15,Nairobi,Maize,Wholesale,50.0
2017-04-15,Nairobi,Potatoes,Wholesale,63.45
2017-04-15,Nairobi,Sorghum,Wholesale,55.861111111111114
2017-04-15,Nairobi,Milk,Retail,110.0
2017-04-15,Nairobi,Oil (vegetable),Retail,190.0
2017-04-15,Nairobi,Beans,Wholesale,83.69444444444444
2017-05-15,Nairobi,Maize,Wholesale,49.2
2017-05-15,Nairobi,Maize,Wholesale,52.266666666666666
2017-05-15,Nairobi,Potatoes,Wholesale,59.72
2017-05-15,Nairobi,Sorghum,Wholesale,58.62222222222223
2017-05-15,Nairobi,Milk,Retail,100.0
2017-05-15,Nairobi,Oil (vegetable),Retail,196.0
2017-05-15,Nairobi,Beans,Wholesale,85.64444444444445
2017-06-15,Nairobi,Maize,Wholesale,56.0
2017-06-15,Nairobi,Maize,Wholesale,53.51111111111111
2017-06-15,Nairobi,Potatoes,Wholesale,53.480000000000004
2017-06-15,Nairobi,Sorghum,Wholesale,57.800000000000004
2017-06-15,Nairobi,Milk,Retail,100.0
2017-06-15,Nairobi,Oil (vegetable),Retail,198.0
2017-06-15,Nairobi,Beans,Wholesale,86.81111111111112
2017-07-15,Nairobi,Maize,Wholesale,54.05
2017-07-15,Nairobi,Maize,Wholesale,48.0
2017-07-15,Nairobi,Potatoes,Wholesale,37.5
2017-07-15,Nairobi,Sorghum,Wholesale,58.38888888888889
2017-07-15,Nairobi,Milk,Retail,96.0
2017-07-15,Nairobi,Oil (vegetable),Retail,198.0
2017-07-15,Nairobi,Beans,Wholesale,84.83333333333334
2017-08-15,Nairobi,Maize,Wholesale,45.58
2017-08-15,Nairobi,Maize,Wholesale,40.62222222222223
2017-08-15,Nairobi,Potatoes,Wholesale,34.72
2017-08-15,Nairobi,Sorghum,Wholesale,54.28888888888889
2017-08-15,Nairobi,Milk,Retail,96.0
2017-08-15,Nairobi,Oil (vegetable),Retail,199.0
2017-08-15,Nairobi,Beans,Wholesale,81.08888888888889
2017-09-15,Nairobi,Maize,Wholesale,42.4
2017-09-15,Nairobi,Maize,Wholesale,39.6
2017-09-15,Nairobi,Potatoes,Wholesale,40.0
2017-09-15,Nairobi,Sorghum,Wholesale,58.400000000000006
2017-09-15,Nairobi,Milk,Retail,96.0
2017-09-15,Nairobi,Oil (vegetable),Retail,185.0
2017-09-15,Nairobi,Beans,Wholesale,63.33
2017-09-15,Nairobi,Beans,Wholesale,83.33333333333334
2017-10-15,Nairobi,Maize,Wholesale,37.74
2017-10-15,Nairobi,Maize,Wholesale,39.15277777777778
2017-10-15,Nairobi,Potatoes,Wholesale,38.300000000000004
2017-10-15,Nairobi,Sorghum,Wholesale,57.68055555555556
2017-10-15,Nairobi,Milk,Retail,96.0
2017-10-15,Nairobi,Oil (vegetable),Retail,185.0
2017-10-15,Nairobi,Beans,Wholesale,84.68755555555556
2017-11-15,Nairobi,Maize,Wholesale,39.94
2017-11-15,Nairobi,Maize,Wholesale,38.544444444444444
2017-11-15,Nairobi,Potatoes,Wholesale,35.76
2017-11-15,Nairobi,Sorghum,Wholesale,62.22222222222222
2017-11-15,Nairobi,Milk,Retail,94.66
2017-11-15,Nairobi,Oil (vegetable),Retail,179.66
2017-11-15,Nairobi,Beans,Wholesale,83.63333333333334
2017-12-15,Nairobi,Maize,Wholesale,40.73
2017-12-15,Nairobi,Maize,Wholesale,33.52311111111111
2017-12-15,Nairobi,Potatoes,Wholesale,34.6334
2017-12-15,Nairobi,Sorghum,Wholesale,49.25922222222222
2017-12-15,Nairobi,Milk,Retail,93.5
2017-12-15,Nairobi,Oil (vegetable),Retail,182.5
2017-12-15,Nairobi,Beans,Wholesale,75.95833333333334
2018-01-15,Nairobi,Maize,Wholesale,42.27
2018-01-15,Nairobi,Maize,Wholesale,33.333333333333336
2018-01-15,Nairobi,Potatoes,Wholesale,38.88
2018-01-15,Nairobi,Sorghum,Wholesale,44.51111111111111
2018-01-15,Nairobi,Milk,Retail,92.66
2018-01-15,Nairobi,Oil (vegetable),Retail,185.0
2018-01-15,Nairobi,Beans,Wholesale,81.27
2018-01-15,Nairobi,Beans,Wholesale,78.4
2018-02-15,Nairobi,Maize,Wholesale,36.86
2018-02-15,Nairobi,Maize,Wholesale,33.44444444444444
2018-02-15,Nairobi,Potatoes,Wholesale,42.6
2018-02-15,Nairobi,Sorghum,Wholesale,47.0
2018-02-15,Nairobi,Milk,Retail,92.0
2018-02-15,Nairobi,Oil (vegetable),Retail,184.67
2018-02-15,Nairobi,Beans,Wholesale,71.47
2018-02-15,Nairobi,Beans,Wholesale,81.0
2018-03-15,Nairobi,Maize,Wholesale,32.97
2018-03-15,Nairobi,Maize,Wholesale,32.90277777777778
2018-03-15,Nairobi,Potatoes,Wholesale,41.75
2018-03-15,Nairobi,Sorghum,Wholesale,49.79166666666667
2018-03-15,Nairobi,Milk,Retail,90.0
2018-03-15,Nairobi,Oil (vegetable),Retail,186.67
2018-03-15,Nairobi,Beans,Wholesale,81.0
2018-04-15,Nairobi,Maize,Wholesale,31.11111111111111
2018-04-15,Nairobi,Potatoes,Wholesale,42.550000000000004
2018-04-15,Nairobi,Sorghum,Wholesale,49.0
2018-04-15,Nairobi,Milk,Retail,90.0
2018-04-15,Nairobi,Oil (vegetable),Retail,188.67
2018-04-15,Nairobi,Beans,Wholesale,80.31244444444445
2018-05-15,Nairobi,Maize,Wholesale,32.64
2018-05-15,Nairobi,Maize,Wholesale,30.977777777777778
2018-05-15,Nairobi,Potatoes,Wholesale,50.52
2018-05-15,Nairobi,Sorghum,Wholesale,45.711111111111116
2018-05-15,Nairobi,Milk,Retail,90.0
2018-05-15,Nairobi,Oil (vegetable),Retail,190.0
2018-05-15,Nairobi,Beans,Wholesale,59.21
2018-05-15,Nairobi,Beans,Wholesale,80.0
2018-06-15,Nairobi,Maize,Wholesale,32.52
2018-06-15,Nairobi,Maize,Wholesale,29.583333333333336
2018-06-15,Nairobi,Potatoes,Wholesale,41.0
2018-06-15,Nairobi,Sorghum,Wholesale,43.44444444444444
2018-06-15,Nairobi,Milk,Retail,88.0
2018-06-15,Nairobi,Oil (vegetable),Retail,191.45
2018-06-15,Nairobi,Beans,Wholesale,54.71
2018-06-15,Nairobi,Beans,Wholesale,76.875
2018-07-15,Nairobi,Maize,Wholesale,30.19
2018-07-15,Nairobi,Maize,Wholesale,28.88888888888889
2018-07-15,Nairobi,Potatoes,Wholesale,42.35
2018-07-15,Nairobi,Sorghum,Wholesale,44.55555555555556
2018-07-15,Nairobi,Milk,Retail,88.0
2018-07-15,Nairobi,Oil (vegetable),Retail,193.0
2018-07-15,Nairobi,Beans,Wholesale,53.52
2018-07-15,Nairobi,Beans,Wholesale,74.44444444444444
2018-08-15,Nairobi,Maize,Wholesale,28.0
2018-08-15,Nairobi,Maize,Wholesale,28.144444444444446
2018-08-15,Nairobi,Potatoes,Wholesale,55.74
2018-08-15,Nairobi,Sorghum,Wholesale,42.455555555555556
2018-08-15,Nairobi,Milk,Retail,88.0
2018-08-15,Nairobi,Oil (vegetable),Retail,192.0
2018-08-15,Nairobi,Beans,Wholesale,50.11
2018-08-15,Nairobi,Beans,Wholesale,73.91111111111111
2018-09-15,Nairobi,Maize,Wholesale,26.2
2018-09-15,Nairobi,Maize,Wholesale,24.0
2018-09-15,Nairobi,Potatoes,Wholesale,60.0
2018-09-15,Nairobi,Sorghum,Wholesale,40.22222222222222
2018-09-15,Nairobi,Milk,Retail,86.0
2018-09-15,Nairobi,Oil (vegetable),Retail,191.45
2018-09-15,Nairobi,Beans,Wholesale,54.61
2018-09-15,Nairobi,Beans,Wholesale,76.75
2018-10-15,Nairobi,Maize,Wholesale,22.17
2018-10-15,Nairobi,Maize,Wholesale,22.22222222222222
2018-10-15,Nairobi,Potatoes,Wholesale,53.375
2018-10-15,Nairobi,Sorghum,Wholesale,40.0
2018-10-15,Nairobi,Milk,Retail,86.0
2018-10-15,Nairobi,Oil (vegetable),Retail,190.5
2018-10-15,Nairobi,Beans,Wholesale,56.01
2018-10-15,Nairobi,Beans,Wholesale,67.63888888888889
2018-11-15,Nairobi,Maize,Wholesale,23.43
2018-11-15,Nairobi,Maize,Wholesale,21.36111111111111
2018-11-15,Nairobi,Potatoes,Wholesale,54.5
2018-11-15,Nairobi,Sorghum,Wholesale,39.97222222222222
2018-11-15,Nairobi,Milk,Retail,88.0
2018-11-15,Nairobi,Oil (vegetable),Retail,188.0
2018-11-15,Nairobi,Beans,Wholesale,52.03
2018-11-15,Nairobi,Beans,Wholesale,65.83333333333334
2018-12-15,Nairobi,Maize,Wholesale,24.46
2018-12-15,Nairobi,Maize,Wholesale,23.465333333333337
2018-12-15,Nairobi,Potatoes,Wholesale,49.0
2018-12-15,Nairobi,Sorghum,Wholesale,40.0
2018-12-15,Nairobi,Milk,Retail,88.0
2018-12-15,Nairobi,Oil (vegetable),Retail,187.66
2018-12-15,Nairobi,Beans,Wholesale,55.5
2018-12-15,Nairobi,Beans,Wholesale,65.19444444444444
2019-01-15,Nairobi,Maize,Wholesale,27.11
2019-01-15,Nairobi,Maize,Wholesale,25.511111111111113
2019-01-15,Nairobi,Potatoes,Wholesale,47.38
2019-01-15,Nairobi,Sorghum,Wholesale,38.53333333333333
2019-01-15,Nairobi,Milk,Retail,88.0
2019-01-15,Nairobi,Oil (vegetable),Retail,186.33
2019-01-15,Nairobi,Beans,Wholesale,52.15
2019-01-15,Nairobi,Beans,Wholesale,64.44444444444444
2019-02-15,Nairobi,Maize,Wholesale,27.08
2019-02-15,Nairobi,Maize,Wholesale,24.743111111111112
2019-02-15,Nairobi,Potatoes,Wholesale,41.44
2019-02-15,Nairobi,Sorghum,Wholesale,38.19444444444444
2019-02-15,Nairobi,Milk,Retail,88.0
2019-02-15,Nairobi,Oil (vegetable),Retail,188.5
2019-02-15,Nairobi,Beans,Wholesale,49.11
2019-02-15,Nairobi,Beans,Wholesale,66.31944444444444
2019-03-15,Nairobi,Maize,Wholesale,26.13
2019-03-15,Nairobi,Maize,Wholesale,25.86111111111111
2019-03-15,Nairobi,Potatoes,Wholesale,45.050000000000004
2019-03-15,Nairobi,Sorghum,Wholesale,40.0
2019-03-15,Nairobi,Milk,Retail,88.0
2019-03-15,Nairobi,Oil (vegetable),Retail,190.0
2019-03-15,Nairobi,Beans,Wholesale,41.73
2019-03-15,Nairobi,Beans,Wholesale,69.77777777777779
2019-04-15,Nairobi,Maize,Wholesale,31.3
2019-04-15,Nairobi,Maize,Wholesale,34.02777777777778
2019-04-15,Nairobi,Potatoes,Wholesale,51.5
2019-04-15,Nairobi,Sorghum,Wholesale,45.986111111111114
2019-04-15,Nairobi,Milk,Retail,88.0
2019-04-15,Nairobi,Oil (vegetable),Retail,191.33
2019-04-15,Nairobi,Beans,Wholesale,50.67
2019-04-15,Nairobi,Beans,Wholesale,72.77777777777779
2019-05-15,Nairobi,Maize,Wholesale,34.74
2019-05-15,Nairobi,Maize,Wholesale,39.03333333333333
2019-05-15,Nairobi,Potatoes,Wholesale,76.8
2019-05-15,Nairobi,Sorghum,Wholesale,46.4
2019-05-15,Nairobi,Milk,Retail,88.0
2019-05-15,Nairobi,Oil (vegetable),Retail,182.6
2019-05-15,Nairobi,Beans,Wholesale,59.1
2019-05-15,Nairobi,Beans,Wholesale,82.86666666666667
2019-06-15,Nairobi,Maize,Wholesale,26.85
2019-06-15,Nairobi,Maize,Wholesale,40.108333333333334
2019-06-15,Nairobi,Potatoes,Wholesale,55.92
2019-06-15,Nairobi,Sorghum,Wholesale,44.611111111111114
2019-06-15,Nairobi,Milk,Retail,88.0
2019-06-15,Nairobi,Oil (vegetable),Retail,182.0
2019-06-15,Nairobi,Beans,Wholesale,54.99
2019-06-15,Nairobi,Beans,Wholesale,69.91666666666667
2019-07-15,Nairobi,Maize,Wholesale,45.29
2019-07-15,Nairobi,Maize,Wholesale,44.800000000000004
2019-07-15,Nairobi,Potatoes,Wholesale,50.56
2019-07-15,Nairobi,Sorghum,Wholesale,74.57777777777778
2019-07-15,Nairobi,Milk,Retail,90.0
2019-07-15,Nairobi,Oil (vegetable),Retail,186.75
2019-07-15,Nairobi,Beans,Wholesale,75.58
2019-07-15,Nairobi,Beans,Wholesale,83.82222222222222
2019-08-15,Nairobi,Maize,Wholesale,37.71
2019-08-15,Nairobi,Maize,Wholesale,41.458333333333336
2019-08-15,Nairobi,Potatoes,Wholesale,30.400000000000002
2019-08-15,Nairobi,Sorghum,Wholesale,76.11111111111111
2019-08-15,Nairobi,Milk,Retail,88.0
2019-08-15,Nairobi,Oil (vegetable),Retail,185.0
2019-08-15,Nairobi,Beans,Wholesale,89.66666666666667
2019-09-15,Nairobi,Maize,Wholesale,36.45
2019-09-15,Nairobi,Maize,Wholesale,43.94444444444444
2019-09-15,Nairobi,Potatoes,Wholesale,37.800000000000004
2019-09-15,Nairobi,Sorghum,Wholesale,71.02777777777779
2019-09-15,Nairobi,Milk,Retail,88.0
2019-09-15,Nairobi,Oil (vegetable),Retail,180.0
2019-09-15,Nairobi,Beans,Wholesale,96.55555555555556
2019-10-15,Nairobi,Maize,Wholesale,41.26
2019-10-15,Nairobi,Maize,Wholesale,41.58888888888889
2019-10-15,Nairobi,Potatoes,Wholesale,50.0
2019-10-15,Nairobi,Sorghum,Wholesale,72.22222222222223
2019-10-15,Nairobi,Milk,Retail,88.0
2019-10-15,Nairobi,Oil (vegetable),Retail,177.66
2019-10-15,Nairobi,Beans,Wholesale,113.24444444444445
2019-11-15,Nairobi,Maize,Wholesale,39.91
2019-11-15,Nairobi,Maize,Wholesale,39.833333333333336
2019-11-15,Nairobi,Potatoes,Wholesale,56.4
2019-11-15,Nairobi,Sorghum,Wholesale,70.55555555555556
2019-11-15,Nairobi,Milk,Retail,90.0
2019-11-15,Nairobi,Oil (vegetable),Retail,185.0
2019-11-15,Nairobi,Beans,Wholesale,108.8888888888889
2019-12-15,Nairobi,Maize,Wholesale,38.34
2019-12-15,Nairobi,Maize,Wholesale,39.77777777777778
2019-12-15,Nairobi,Potatoes,Wholesale,41.6
2019-12-15,Nairobi,Sorghum,Wholesale,65.11111111111111
2019-12-15,Nairobi,Milk,Retail,90.0
2019-12-15,Nairobi,Oil (vegetable),Retail,190.0
2019-12-15,Nairobi,Beans,Wholesale,107.33333333333334
2020-01-15,Nairobi,Maize,Wholesale,36.85
2020-01-15,Nairobi,Maize,Wholesale,37.72222222222222
2020-01-15,Nairobi,Potatoes,Wholesale,44.800000000000004
2020-01-15,Nairobi,Sorghum,Wholesale,58.88888888888889
2020-01-15,Nairobi,Milk,Retail,90.0
2020-01-15,Nairobi,Oil (vegetable),Retail,195.0
2020-01-15,Nairobi,Beans,Wholesale,94.31111111111112
2020-02-15,Nairobi,Maize,Wholesale,36.64
2020-02-15,Nairobi,Maize,Wholesale,37.38888888888889
2020-02-15,Nairobi,Potatoes,Wholesale,46.0
2020-02-15,Nairobi,Sorghum,Wholesale,58.88888888888889
2020-02-15,Nairobi,Milk,Retail,90.0
2020-02-15,Nairobi,Oil (vegetable),Retail,198.0
2020-02-15,Nairobi,Beans,Wholesale,97.44444444444444
2020-03-15,Nairobi,Maize,Wholesale,31.38
2020-03-15,Nairobi,Maize,Wholesale,30.925
2020-03-15,Nairobi,Potatoes,Wholesale,54.6666
2020-03-15,Nairobi,Sorghum,Wholesale,58.88888888888889
2020-03-15,Nairobi,Milk,Retail,90.0
2020-03-15,Nairobi,Oil (vegetable),Retail,195.0
2020-03-15,Nairobi,Beans,Wholesale,92.77777777777779
2020-04-15,Nairobi,Maize,Wholesale,34.66
2020-04-15,Nairobi,Milk,Retail,90.0
2020-04-15,Nairobi,Oil (vegetable),Retail,181.75
2020-04-15,Nairobi,Beans,Wholesale,78.41
2020-05-15,Nairobi,Milk,Retail,86.0
2020-05-15,Nairobi,Oil (vegetable),Retail,193.0
2020-06-15,Nairobi,Milk,Retail,86.0
2020-06-15,Nairobi,Oil (vegetable),Retail,185.0
2020-07-15,Nairobi,Maize,Wholesale,31.96
2020-07-15,Nairobi,Milk,Retail,86.0
2020-07-15,Nairobi,Oil (vegetable),Retail,180.0
2020-08-15,Nairobi,Maize,Retail,52.0
2020-08-15,Nairobi,Maize,Wholesale,32.91
2020-08-15,Nairobi,Potatoes,Retail,61.0
2020-08-15,Nairobi,Sorghum,Retail,84.0
2020-08-15,Nairobi,Milk,Retail,135.0
2020-08-15,Nairobi,Milk,Retail,105.54
2020-08-15,Nairobi,Oil (vegetable),Retail,137.0
2020-08-15,Nairobi,Beans,Retail,108.0
2020-09-15,Nairobi,Maize,Wholesale,33.17
2020-09-15,Nairobi,Milk,Retail,87.9
2020-09-15,Nairobi,Oil (vegetable),Retail,143.63
2020-10-15,Nairobi,Maize,Wholesale,33.97
2020-10-15,Nairobi,Milk,Retail,86.72
2020-10-15,Nairobi,Oil (vegetable),Retail,141.91
2020-11-15,Nairobi,Maize,Wholesale,33.77
2020-11-15,Nairobi,Milk,Retail,86.78
2020-11-15,Nairobi,Oil (vegetable),Retail,147.57
2020-12-15,Nairobi,Milk,Retail,96.7
2020-12-15,Nairobi,Oil (vegetable),Retail,156.62
2021-01-15,Nairobi,Maize,Wholesale,32.5
2021-01-15,Nairobi,Potatoes,Wholesale,40.0
2021-01-15,Nairobi,Potatoes,Wholesale,40.0
2021-01-15,Nairobi,Sorghum,Wholesale,50.0
2021-01-15,Nairobi,Beans,Wholesale,92.5
2021-01-15,Nairobi,Beans,Wholesale,80.0
2021-01-15,Nairobi,Beans,Wholesale,95.0
2021-01-15,Nairobi,Beans,Wholesale,80.0
2021-01-15,Nairobi,Beans,Wholesale,100.0
2021-01-15,Nairobi,Maize,Wholesale,35.05
2021-01-15,Nairobi,Beans,Wholesale,59.68
2021-02-15,Nairobi,Maize,Wholesale,30.0
2021-02-15,Nairobi,Potatoes,Wholesale,34.0
2021-02-15,Nairobi,Beans,Wholesale,120.0
2021-02-15,Nairobi,Beans,Wholesale,111.10000000000001
2021-02-15,Nairobi,Maize,Wholesale,35.0
2021-02-15,Nairobi,Potatoes,Wholesale,40.0
2021-02-15,Nairobi,Potatoes,Wholesale,40.0
2021-02-15,Nairobi,Sorghum,Wholesale,55.0
2021-02-15,Nairobi,Beans,Wholesale,100.0
2021-02-15,Nairobi,Beans,Wholesale,82.5
2021-02-15,Nairobi,Beans,Wholesale,102.5
2021-02-15,Nairobi,Beans,Wholesale,77.5
2021-02-15,Nairobi,Beans,Wholesale,100.0
2021-02-15,Nairobi,Maize,Wholesale,35.92
2021-03-15,Nairobi,Maize,Wholesale,28.533333333333335
2021-03-15,Nairobi,Potatoes,Wholesale,35.160000000000004
2021-03-15,Nairobi,Beans,Wholesale,125.0
2021-03-15,Nairobi,Beans,Wholesale,95.0
2021-03-15,Nairobi,Maize,Wholesale,35.0
2021-03-15,Nairobi,Potatoes,Wholesale,44.34
2021-03-15,Nairobi,Potatoes,Wholesale,44.34
2021-03-15,Nairobi,Sorghum,Wholesale,50.0
2021-03-15,Nairobi,Beans,Wholesale,100.0
2021-03-15,Nairobi,Beans,Wholesale,83.33333333333334
2021-03-15,Nairobi,Beans,Wholesale,100.0
2021-03-15,Nairobi,Beans,Wholesale,71.66666666666667
2021-03-15,Nairobi,Beans,Wholesale,100.0
2021-03-15,Nairobi,Maize,Wholesale,35.95
2021-03-15,Nairobi,Beans,Wholesale,60.16
2021-04-15,Nairobi,Maize,Wholesale,27.8
2021-04-15,Nairobi,Potatoes,Wholesale,31.2
2021-04-15,Nairobi,Sorghum,Wholesale,80.0
2021-04-15,Nairobi,Beans,Wholesale,90.0
2021-04-15,Nairobi,Beans,Wholesale,100.0
2021-04-15,Nairobi,Beans,Wholesale,80.0
2021-04-15,Nairobi,Maize,Wholesale,33.75555555555556
2021-04-15,Nairobi,Potatoes,Wholesale,48.660000000000004
2021-04-15,Nairobi,Potatoes,Wholesale,48.660000000000004
2021-04-15,Nairobi,Sorghum,Wholesale,60.0
2021-04-15,Nairobi,Beans,Wholesale,97.5
2021-04-15,Nairobi,Beans,Wholesale,82.5
2021-04-15,Nairobi,Beans,Wholesale,100.0
2021-04-15,Nairobi,Beans,Wholesale,73.33333333333334
2021-04-15,Nairobi,Beans,Wholesale,100.0
2021-04-15,Nairobi,Maize,Wholesale,33.59
2021-05-15,Nairobi,Potatoes,Wholesale,54.0
2021-05-15,Nairobi,Beans,Wholesale,90.0
2021-05-15,Nairobi,Potatoes,Wholesale,26.5
2021-05-15,Nairobi,Sorghum,Wholesale,63.333333333333336
2021-05-15,Nairobi,Sorghum,Wholesale,65.0
2021-05-15,Nairobi,Beans,Wholesale,100.0
2021-05-15,Nairobi,Beans,Wholesale,80.0
2021-05-15,Nairobi,Beans,Wholesale,106.66666666666667
2021-05-15,Nairobi,Beans,Wholesale,71.66666666666667
2021-05-15,Nairobi,Beans,Wholesale,100.0
2021-05-15,Nairobi,Maize,Wholesale,33.13
2021-05-15,Nairobi,Potatoes,Wholesale,23.5
2021-06-15,Nairobi,Maize,Wholesale,33.9
2021-06-15,Nairobi,Potatoes,Wholesale,24.0
2021-06-15,Nairobi,Beans,Wholesale,100.0
2021-06-15,Nairobi,Beans,Wholesale,100.0
2021-06-15,Nairobi,Maize,Wholesale,8.911111111111111
2021-06-15,Nairobi,Potatoes,Wholesale,90.0
2021-06-15,Nairobi,Sorghum,Wholesale,72.22222222222223
2021-06-15,Nairobi,Beans,Wholesale,37.06666666666667
2021-06-15,Nairobi,Beans,Wholesale,12.6
2021-06-15,Nairobi,Beans,Wholesale,13.88888888888889
2021-06-15,Nairobi,Beans,Wholesale,80.0
2021-06-15,Nairobi,Beans,Wholesale,80.0
2021-06-15,Nairobi,Maize,Wholesale,32.83
2021-06-15,Nairobi,Beans,Wholesale,65.81
2021-06-15,Nairobi,Potatoes,Wholesale,48.34
2021-06-15,Nairobi,Potatoes,Wholesale,51.9
2021-07-15,Nairobi,Maize,Wholesale,40.0
2021-07-15,Nairobi,Potatoes,Wholesale,22.5
2021-07-15,Nairobi,Maize,Wholesale,35.96666666666667
2021-07-15,Nairobi,Potatoes,Wholesale,26.34
2021-07-15,Nairobi,Sorghum,Wholesale,50.0
2021-07-15,Nairobi,Beans,Wholesale,93.33333333333334
2021-07-15,Nairobi,Beans,Wholesale,80.0
2021-07-15,Nairobi,Beans,Wholesale,121.10000000000001
2021-07-15,Nairobi,Beans,Wholesale,120.0
2021-07-15,Nairobi,Beans,Wholesale,100.0
2021-07-15,Nairobi,Maize,Wholesale,34.0
2021-07-15,Nairobi,Beans,Wholesale,65.65
2021-07-15,Nairobi,Potatoes,Wholesale,30.0
2021-07-15,Nairobi,Potatoes,Wholesale,30.0
2021-08-15,Nairobi,Maize,Wholesale,36.7
2021-08-15,Nairobi,Potatoes,Wholesale,24.0
2021-08-15,Nairobi,Beans,Wholesale,100.0
2021-08-15,Nairobi,Maize,Wholesale,34.0
2021-08-15,Nairobi,Beans,Wholesale,60.93
2021-08-15,Nairobi,Potatoes,Wholesale,22.0
2021-09-15,Nairobi,Maize,Wholesale,40.0
2021-09-15,Nairobi,Potatoes,Wholesale,23.0
2021-09-15,Nairobi,Beans,Wholesale,100.0
2021-09-15,Nairobi,Beans,Wholesale,105.0
2021-09-15,Nairobi,Beans,Wholesale,110.0
2021-09-15,Nairobi,Beans,Wholesale,112.5
2021-09-15,Nairobi,Maize,Wholesale,35.87777777777778
2021-09-15,Nairobi,Potatoes,Wholesale,22.0
2021-09-15,Nairobi,Sorghum,Wholesale,50.0
2021-09-15,Nairobi,Beans,Wholesale,91.25555555555556
2021-09-15,Nairobi,Beans,Wholesale,80.0
2021-09-15,Nairobi,Beans,Wholesale,125.0
2021-09-15,Nairobi,Beans,Wholesale,80.0
2021-09-15,Nairobi,Beans,Wholesale,93.75555555555556
2021-09-15,Nairobi,Maize,Wholesale,33.81
2021-09-15,Nairobi,Beans,Wholesale,60.05
2021-09-15,Nairobi,Potatoes,Wholesale,35.0
2021-09-15,Nairobi,Potatoes,Wholesale,25.5
2021-10-15,Nairobi,Maize,Wholesale,29.37777777777778
2021-10-15,Nairobi,Potatoes,Wholesale,26.66
2021-10-15,Nairobi,Sorghum,Wholesale,80.0
2021-10-15,Nairobi,Beans,Wholesale,130.0
2021-10-15,Nairobi,Beans,Wholesale,100.0
2021-10-15,Nairobi,Beans,Wholesale,120.0
2021-10-15,Nairobi,Beans,Wholesale,96.83333333333334
2021-10-15,Nairobi,Beans,Wholesale,103.75555555555556
2021-10-15,Nairobi,Maize,Wholesale,37.25555555555556
2021-10-15,Nairobi,Potatoes,Wholesale,23.0
2021-10-15,Nairobi,Beans,Wholesale,92.2
2021-10-15,Nairobi,Beans,Wholesale,80.0
2021-10-15,Nairobi,Beans,Wholesale,125.0
2021-10-15,Nairobi,Beans,Wholesale,80.0
2021-10-15,Nairobi,Beans,Wholesale,95.0
2021-10-15,Nairobi,Maize,Wholesale,32.23
2021-10-15,Nairobi,Beans,Wholesale,64.79
2021-10-15,Nairobi,Potatoes,Wholesale,37.0
2021-10-15,Nairobi,Potatoes,Wholesale,50.120000000000005
2021-11-15,Nairobi,Maize,Wholesale,35.625
2021-11-15,Nairobi,Potatoes,Wholesale,35.833400000000005
2021-11-15,Nairobi,Sorghum,Wholesale,50.0
2021-11-15,Nairobi,Beans,Wholesale,105.56666666666668
2021-11-15,Nairobi,Beans,Wholesale,80.0
2021-11-15,Nairobi,Beans,Wholesale,135.0
2021-11-15,Nairobi,Beans,Wholesale,97.65
2021-11-15,Nairobi,Beans,Wholesale,105.0
2021-11-15,Nairobi,Maize,Wholesale,31.950000000000003
2021-11-15,Nairobi,Potatoes,Wholesale,22.900000000000002
2021-11-15,Nairobi,Sorghum,Wholesale,50.0
2021-11-15,Nairobi,Beans,Wholesale,83.7
2021-11-15,Nairobi,Beans,Wholesale,75.56666666666666
2021-11-15,Nairobi,Beans,Wholesale,124.33333333333334
2021-11-15,Nairobi,Beans,Wholesale,81.10000000000001
2021-11-15,Nairobi,Beans,Wholesale,88.9
2021-11-15,Nairobi,Maize,Wholesale,32.87
2021-11-15,Nairobi,Beans,Wholesale,66.74
2021-11-15,Nairobi,Potatoes,Wholesale,25.325
2021-12-15,Nairobi,Maize,Wholesale,33.43333333333334
2021-12-15,Nairobi,Potatoes,Wholesale,39.56
2021-12-15,Nairobi,Beans,Wholesale,92.2
2021-12-15,Nairobi,Maize,Wholesale,31.922222222222224
2021-12-15,Nairobi,Potatoes,Wholesale,31.080000000000002
2021-12-15,Nairobi,Beans,Wholesale,86.0
2021-12-15,Nairobi,Beans,Wholesale,80.0
2021-12-15,Nairobi,Potatoes,Wholesale,34.6
2022-01-15,Nairobi,Maize,Wholesale,35.300000000000004
2022-01-15,Nairobi,Potatoes,Wholesale,38.56
2022-01-15,Nairobi,Beans,Wholesale,105.0
2022-01-15,Nairobi,Beans,Wholesale,92.11666666666667
2022-01-15,Nairobi,Beans,Wholesale,108.66666666666667
2022-01-15,Nairobi,Maize,Wholesale,33.300000000000004
2022-01-15,Nairobi,Potatoes,Wholesale,42.160000000000004
2022-01-15,Nairobi,Beans,Wholesale,80.0
2022-01-15,Nairobi,Beans,Wholesale,80.0
2022-01-15,Nairobi,Beans,Wholesale,90.0
2022-01-15,Nairobi,Potatoes,Wholesale,32.660000000000004
2022-02-15,Nairobi,Maize,Wholesale,34.300000000000004
2022-02-15,Nairobi,Potatoes,Wholesale,39.825
2022-02-15,Nairobi,Sorghum,Wholesale,90.0
2022-02-15,Nairobi,Beans,Wholesale,91.375
2022-02-15,Nairobi,Beans,Wholesale,84.43755555555556
2022-02-15,Nairobi,Beans,Wholesale,99.525
2022-02-15,Nairobi,Maize,Wholesale,35.275
2022-02-15,Nairobi,Potatoes,Wholesale,48.225
2022-02-15,Nairobi,Beans,Wholesale,82.5
2022-02-15,Nairobi,Beans,Wholesale,81.66666666666667
2022-02-15,Nairobi,Beans,Wholesale,90.0
2022-02-15,Nairobi,Maize,Wholesale,40.04
2022-03-15,Nairobi,Maize,Wholesale,32.425000000000004
2022-03-15,Nairobi,Potatoes,Wholesale,40.300000000000004
2022-03-15,Nairobi,Beans,Wholesale,61.13333333333333
2022-03-15,Nairobi,Beans,Wholesale,75.28755555555556
2022-03-15,Nairobi,Beans,Wholesale,86.0
2022-03-15,Nairobi,Maize,Wholesale,36.333333333333336
2022-03-15,Nairobi,Potatoes,Wholesale,41.4
2022-03-15,Nairobi,Beans,Wholesale,80.0
2022-03-15,Nairobi,Beans,Wholesale,80.0
2022-03-15,Nairobi,Beans,Wholesale,85.0
2022-03-15,Nairobi,Maize,Wholesale,25.03
2022-04-15,Nairobi,Maize,Wholesale,39.17411111111112
2022-04-15,Nairobi,Beans,Wholesale,69.88888888888889
2022-04-15,Nairobi,Beans,Wholesale,73.69255555555556
2022-04-15,Nairobi,Beans,Wholesale,91.39633333333333
2022-04-15,Nairobi,Maize,Wholesale,40.0
2022-04-15,Nairobi,Beans,Wholesale,79.45
2022-04-15,Nairobi,Beans,Wholesale,79.72500000000001
2022-04-15,Nairobi,Beans,Wholesale,95.825
2022-05-15,Nairobi,Maize,Wholesale,40.36666666666667
2022-05-15,Nairobi,Potatoes,Wholesale,48.9166
2022-05-15,Nairobi,Beans,Wholesale,72.675
2022-05-15,Nairobi,Beans,Wholesale,94.2
2022-05-15,Nairobi,Maize,Wholesale,47.525
2022-05-15,Nairobi,Potatoes,Wholesale,61.4
2022-05-15,Nairobi,Beans,Wholesale,87.5
2022-05-15,Nairobi,Beans,Wholesale,95.825
2022-05-15,Nairobi,Potatoes,Wholesale,58.0
2022-06-15,Nairobi,Maize,Wholesale,58.5
2022-06-15,Nairobi,Potatoes,Wholesale,50.88
2022-06-15,Nairobi,Beans,Wholesale,96.63333333333334
2022-06-15,Nairobi,Beans,Wholesale,92.22777777777777
2022-06-15,Nairobi,Beans,Wholesale,105.55555555555556
2022-06-15,Nairobi,Maize,Wholesale,51.75555555555556
2022-06-15,Nairobi,Potatoes,Wholesale,45.7
2022-06-15,Nairobi,Beans,Wholesale,96.26666666666667
2022-06-15,Nairobi,Beans,Wholesale,91.26666666666667
2022-06-15,Nairobi,Beans,Wholesale,103.33333333333334
2022-07-15,Nairobi,Maize,Wholesale,56.611111111111114
2022-07-15,Nairobi,Potatoes,Wholesale,49.88
2022-07-15,Nairobi,Beans,Wholesale,113.53333333333333
2022-07-15,Nairobi,Beans,Wholesale,103.13333333333334
2022-07-15,Nairobi,Beans,Wholesale,121.77777777777779
2022-07-15,Nairobi,Maize,Wholesale,69.72222222222223
2022-07-15,Nairobi,Potatoes,Wholesale,37.52
2022-07-15,Nairobi,Beans,Wholesale,123.07777777777778
2022-07-15,Nairobi,Beans,Wholesale,94.45555555555556
2022-07-15,Nairobi,Beans,Wholesale,126.51111111111112
2022-08-15,Nairobi,Maize,Wholesale,60.275000000000006
2022-08-15,Nairobi,Potatoes,Wholesale,42.8666
2022-08-15,Nairobi,Beans,Wholesale,105.17
2022-08-15,Nairobi,Beans,Wholesale,93.3
2022-08-15,Nairobi,Beans,Wholesale,129.12333333333333
2022-08-15,Nairobi,Maize,Wholesale,62.220000000000006
2022-08-15,Nairobi,Potatoes,Wholesale,36.2
2022-08-15,Nairobi,Beans,Wholesale,122.66
2022-08-15,Nairobi,Beans,Wholesale,107.93755555555555
2022-08-15,Nairobi,Beans,Wholesale,135.54000000000002
2022-09-15,Nairobi,Maize,Wholesale,63.20666666666667
2022-09-15,Nairobi,Potatoes,Wholesale,45.4
2022-09-15,Nairobi,Beans,Wholesale,124.87333333333335
2022-09-15,Nairobi,Beans,Wholesale,95.60000000000001
2022-09-15,Nairobi,Beans,Wholesale,145.55666666666667
2022-09-15,Nairobi,Maize,Wholesale,60.825
2022-09-15,Nairobi,Potatoes,Wholesale,46.9166
2022-09-15,Nairobi,Beans,Wholesale,118.875
2022-09-15,Nairobi,Beans,Wholesale,109.72500000000001
2022-09-15,Nairobi,Beans,Wholesale,152.8
2022-10-15,Nairobi,Maize,Wholesale,64.2208888888889
2022-10-15,Nairobi,Potatoes,Wholesale,48.625
2022-10-15,Nairobi,Beans,Wholesale,133.98333333333335
2022-10-15,Nairobi,Beans,Wholesale,147.175
2022-10-15,Nairobi,Maize,Wholesale,62.75
2022-10-15,Nairobi,Potatoes,Wholesale,67.85
2022-10-15,Nairobi,Sorghum,Wholesale,80.0
2022-10-15,Nairobi,Beans,Wholesale,129.57500000000002
2022-10-15,Nairobi,Beans,Wholesale,140.55
2022-10-15,Nairobi,Beans,Wholesale,172.8
2022-10-15,Nairobi,Potatoes,Wholesale,69.3334
2022-11-15,Nairobi,Maize,Wholesale,62.22222222222222
2022-11-15,Nairobi,Potatoes,Wholesale,49.52
2022-11-15,Nairobi,Beans,Wholesale,137.1888888888889
2022-11-15,Nairobi,Beans,Wholesale,140.74444444444444
2022-11-15,Nairobi,Maize,Wholesale,63.022222222222226
2022-11-15,Nairobi,Potatoes,Wholesale,70.7
2022-11-15,Nairobi,Beans,Wholesale,139.85555555555555
2022-11-15,Nairobi,Beans,Wholesale,150.2888888888889
2022-11-15,Nairobi,Potatoes,Wholesale,100.38
2022-12-15,Nairobi,Maize,Wholesale,64.2
2022-12-15,Nairobi,Potatoes,Wholesale,51.56
2022-12-15,Nairobi,Beans,Wholesale,146.25555555555556
2022-12-15,Nairobi,Beans,Wholesale,137.93333333333334
2022-12-15,Nairobi,Maize,Wholesale,63.43333333333334
2022-12-15,Nairobi,Potatoes,Wholesale,64.3
2022-12-15,Nairobi,Potatoes,Wholesale,59.980000000000004
2022-12-15,Nairobi,Beans,Wholesale,139.53333333333333
2022-12-15,Nairobi,Beans,Wholesale,132.1888888888889
2023-01-15,Nairobi,Maize,Wholesale,57.44444444444445
2023-01-15,Nairobi,Potatoes,Wholesale,61.56
2023-01-15,Nairobi,Beans,Wholesale,143.55555555555557
2023-01-15,Nairobi,Beans,Wholesale,152.6888888888889
2023-01-15,Nairobi,Maize,Wholesale,61.81111111111111
2023-01-15,Nairobi,Potatoes,Wholesale,61.42
2023-01-15,Nairobi,Beans,Wholesale,151.4
2023-01-15,Nairobi,Beans,Wholesale,150.0
2023-02-15,Nairobi,Maize,Wholesale,58.070888888888895
2023-02-15,Nairobi,Potatoes,Wholesale,70.0
2023-02-15,Nairobi,Potatoes,Wholesale,68.75
2023-02-15,Nairobi,Beans,Wholesale,147.72222222222223
2023-02-15,Nairobi,Beans,Wholesale,114.08333333333334
2023-02-15,Nairobi,Beans,Wholesale,136.70000000000002
2023-02-15,Nairobi,Beans,Wholesale,162.85
2023-02-15,Nairobi,Maize,Wholesale,58.900000000000006
2023-02-15,Nairobi,Potatoes,Wholesale,58.0666
2023-02-15,Nairobi,Beans,Wholesale,153.73333333333335
2023-02-15,Nairobi,Beans,Wholesale,94.4
2023-02-15,Nairobi,Beans,Wholesale,138.35
2023-02-15,Nairobi,Beans,Wholesale,143.5
2023-03-15,Nairobi,Maize,Wholesale,66.52222222222223
2023-03-15,Nairobi,Potatoes,Wholesale,59.32
2023-03-15,Nairobi,Beans,Wholesale,155.88888888888889
2023-03-15,Nairobi,Beans,Wholesale,157.8
2023-03-15,Nairobi,Beans,Wholesale,155.23333333333335
2023-03-15,Nairobi,Maize,Wholesale,66.7
2023-03-15,Nairobi,Potatoes,Wholesale,67.14
2023-03-15,Nairobi,Beans,Wholesale,155.7111111111111
2023-03-15,Nairobi,Beans,Wholesale,157.66666666666669
2023-04-15,Nairobi,Maize,Wholesale,67.60333333333334
2023-04-15,Nairobi,Potatoes,Wholesale,63.625
2023-04-15,Nairobi,Beans,Wholesale,165.89333333333335
2023-04-15,Nairobi,Beans,Wholesale,154.70000000000002
2023-04-15,Nairobi,Beans,Wholesale,145.27333333333334
2023-04-15,Nairobi,Maize,Wholesale,66.7
2023-04-15,Nairobi,Potatoes,Wholesale,58.25
2023-04-15,Nairobi,Beans,Wholesale,161.1
2023-04-15,Nairobi,Beans,Wholesale,161.1
2023-05-15,Nairobi,Maize,Wholesale,70.31166666666667
2023-05-15,Nairobi,Potatoes,Wholesale,65.0
2023-05-15,Nairobi,Beans,Wholesale,163.73833333333334
2023-05-15,Nairobi,Beans,Wholesale,158.53333333333333
2023-05-15,Nairobi,Beans,Wholesale,162.594
2023-05-15,Nairobi,Maize,Wholesale,68.15
2023-05-15,Nairobi,Potatoes,Wholesale,58.333400000000005
2023-05-15,Nairobi,Beans,Wholesale,161.1
2023-05-15,Nairobi,Beans,Wholesale,161.1
2023-05-15,Nairobi,Potatoes,Wholesale,70.0
2023-06-15,Nairobi,Maize,Wholesale,66.62222222222222
2023-06-15,Nairobi,Potatoes,Wholesale,58.88
2023-06-15,Nairobi,Beans,Wholesale,160.1888888888889
2023-06-15,Nairobi,Beans,Wholesale,167.85555555555555
2023-06-15,Nairobi,Beans,Wholesale,170.9
2023-06-15,Nairobi,Maize,Wholesale,76.7
2023-06-15,Nairobi,Potatoes,Wholesale,36.86
2023-06-15,Nairobi,Beans,Wholesale,161.1
2023-06-15,Nairobi,Beans,Wholesale,161.1
2023-06-15,Nairobi,Potatoes,Wholesale,66.8
2023-07-15,Nairobi,Maize,Wholesale,66.58888888888889
2023-07-15,Nairobi,Potatoes,Wholesale,63.76
2023-07-15,Nairobi,Beans,Wholesale,159.76111111111112
2023-07-15,Nairobi,Beans,Wholesale,152.84444444444446
2023-07-15,Nairobi,Maize,Wholesale,84.12222222222222
2023-07-15,Nairobi,Potatoes,Wholesale,38.6
2023-07-15,Nairobi,Beans,Wholesale,156.92222222222222
2023-07-15,Nairobi,Beans,Wholesale,152.20000000000002
2023-07-15,Nairobi,Potatoes,Wholesale,49.04
2023-07-15,Nairobi,Potatoes,Wholesale,44.76
2023-07-15,Nairobi,Sorghum,Wholesale,70.0
2023-07-15,Nairobi,Beans,Wholesale,181.4
2023-07-15,Nairobi,Beans,Wholesale,190.0
2021-01-15,Nairobi,Maize,Retail,45.0
2021-01-15,Nairobi,Milk,Retail,100.0
2021-01-15,Nairobi,Oil (vegetable),Retail,180.0
2021-01-15,Nairobi,Beans,Retail,100.0
2021-01-15,Nairobi,Potatoes,Retail,50.0
2021-01-15,Nairobi,Milk,Retail,100.0
2021-01-15,Nairobi,Oil (vegetable),Retail,180.0
2021-01-15,Nairobi,Maize,Retail,47.5
2021-01-15,Nairobi,Sorghum,Retail,80.0
2021-01-15,Nairobi,Milk,Retail,100.0
2021-01-15,Nairobi,Oil (vegetable),Retail,140.0
2021-01-15,Nairobi,Beans,Retail,105.0
2021-01-15,Nairobi,Maize,Retail,50.0
2021-01-15,Nairobi,Potatoes,Retail,45.0
2021-01-15,Nairobi,Sorghum,Retail,50.0
2021-01-15,Nairobi,Milk,Retail,100.0
2021-01-15,Nairobi,Oil (vegetable),Retail,180.0
2021-01-15,Nairobi,Beans,Retail,100.0
2021-02-15,Nairobi,Maize,Retail,51.46
2021-02-15,Nairobi,Potatoes,Retail,58.56
2021-02-15,Nairobi,Sorghum,Retail,74.58
2021-02-15,Nairobi,Milk,Retail,101.88
2021-02-15,Nairobi,Oil (vegetable),Retail,181.22
2021-02-15,Nairobi,Beans,Retail,95.46
2021-02-15,Nairobi,Maize,Retail,50.36
2021-02-15,Nairobi,Potatoes,Retail,50.4
2021-02-15,Nairobi,Sorghum,Retail,76.67
2021-02-15,Nairobi,Milk,Retail,100.0
2021-02-15,Nairobi,Milk,Retail,55.0
2021-02-15,Nairobi,Oil (vegetable),Retail,183.57
2021-02-15,Nairobi,Beans,Retail,112.35
2021-02-15,Nairobi,Maize,Retail,49.33
2021-02-15,Nairobi,Potatoes,Retail,52.08
2021-02-15,Nairobi,Sorghum,Retail,72.0
2021-02-15,Nairobi,Milk,Retail,100.42
2021-02-15,Nairobi,Milk,Retail,60.0
2021-02-15,Nairobi,Oil (vegetable),Retail,187.14
2021-02-15,Nairobi,Beans,Retail,111.25
2021-02-15,Nairobi,Maize,Retail,49.17
2021-02-15,Nairobi,Potatoes,Retail,53.11
2021-02-15,Nairobi,Sorghum,Retail,78.33
2021-02-15,Nairobi,Milk,Retail,100.42
2021-02-15,Nairobi,Milk,Retail,60.0
2021-02-15,Nairobi,Oil (vegetable),Retail,180.89
2021-02-15,Nairobi,Beans,Retail,115.4
2021-02-15,Nairobi,Maize,Retail,44.17
2021-02-15,Nairobi,Potatoes,Retail,47.22
2021-02-15,Nairobi,Sorghum,Retail,70.0
2021-02-15,Nairobi,Milk,Retail,103.56
2021-02-15,Nairobi,Oil (vegetable),Retail,190.17
2021-02-15,Nairobi,Beans,Retail,109.65
2021-02-15,Nairobi,Maize,Retail,47.38
2021-02-15,Nairobi,Potatoes,Retail,49.81
2021-02-15,Nairobi,Sorghum,Retail,68.33
2021-02-15,Nairobi,Milk,Retail,100.28
2021-02-15,Nairobi,Oil (vegetable),Retail,187.64
2021-02-15,Nairobi,Beans,Retail,104.17
2021-03-15,Nairobi,Maize,Retail,47.94
2021-03-15,Nairobi,Potatoes,Retail,50.0
2021-03-15,Nairobi,Sorghum,Retail,66.37
2021-03-15,Nairobi,Milk,Retail,100.0
2021-03-15,Nairobi,Oil (vegetable),Retail,181.82
2021-03-15,Nairobi,Beans,Retail,74.06
2021-03-15,Nairobi,Maize,Retail,50.0
2021-03-15,Nairobi,Potatoes,Retail,49.8
2021-03-15,Nairobi,Sorghum,Retail,70.0
2021-03-15,Nairobi,Milk,Retail,100.9
2021-03-15,Nairobi,Oil (vegetable),Retail,180.21
2021-03-15,Nairobi,Beans,Retail,70.41
2021-03-15,Nairobi,Maize,Retail,48.18
2021-03-15,Nairobi,Potatoes,Retail,50.0
2021-03-15,Nairobi,Sorghum,Retail,69.31
2021-03-15,Nairobi,Milk,Retail,101.26
2021-03-15,Nairobi,Oil (vegetable),Retail,180.0
2021-03-15,Nairobi,Beans,Retail,91.05
2021-03-15,Nairobi,Maize,Retail,50.0
2021-03-15,Nairobi,Potatoes,Retail,50.17
2021-03-15,Nairobi,Sorghum,Retail,70.0
2021-03-15,Nairobi,Milk,Retail,100.08
2021-03-15,Nairobi,Oil (vegetable),Retail,173.63
2021-03-15,Nairobi,Beans,Retail,72.22
2021-03-15,Nairobi,Maize,Retail,45.02
2021-03-15,Nairobi,Potatoes,Retail,45.9
2021-03-15,Nairobi,Sorghum,Retail,67.5
2021-03-15,Nairobi,Milk,Retail,100.0
2021-03-15,Nairobi,Oil (vegetable),Retail,180.0
2021-03-15,Nairobi,Beans,Retail,72.99
2021-03-15,Nairobi,Maize,Retail,47.5
2021-03-15,Nairobi,Potatoes,Retail,48.01
2021-03-15,Nairobi,Sorghum,Retail,70.98
2021-03-15,Nairobi,Milk,Retail,100.0
2021-03-15,Nairobi,Oil (vegetable),Retail,181.03
2021-03-15,Nairobi,Beans,Retail,74.41
2021-04-15,Nairobi,Maize,Retail,47.24
2021-04-15,Nairobi,Potatoes,Retail,59.55
2021-04-15,Nairobi,Sorghum,Retail,70.3
2021-04-15,Nairobi,Milk,Retail,100.0
2021-04-15,Nairobi,Oil (vegetable),Retail,190.27
2021-04-15,Nairobi,Beans,Retail,91.05
2021-04-15,Nairobi,Maize,Retail,50.0
2021-04-15,Nairobi,Potatoes,Retail,49.6
2021-04-15,Nairobi,Sorghum,Retail,70.0
2021-04-15,Nairobi,Milk,Retail,100.9
2021-04-15,Nairobi,Oil (vegetable),Retail,186.36
2021-04-15,Nairobi,Beans,Retail,97.05
2021-04-15,Nairobi,Maize,Retail,50.0
2021-04-15,Nairobi,Potatoes,Retail,50.0
2021-04-15,Nairobi,Sorghum,Retail,70.0
2021-04-15,Nairobi,Milk,Retail,103.04
2021-04-15,Nairobi,Milk,Retail,65.0
2021-04-15,Nairobi,Oil (vegetable),Retail,181.41
2021-04-15,Nairobi,Beans,Retail,103.32
2021-04-15,Nairobi,Maize,Retail,50.0
2021-04-15,Nairobi,Potatoes,Retail,54.77
2021-04-15,Nairobi,Sorghum,Retail,72.12
2021-04-15,Nairobi,Milk,Retail,100.0
2021-04-15,Nairobi,Oil (vegetable),Retail,192.95
2021-04-15,Nairobi,Beans,Retail,90.15
2021-04-15,Nairobi,Maize,Retail,44.7
2021-04-15,Nairobi,Potatoes,Retail,42.21
2021-04-15,Nairobi,Sorghum,Retail,65.91
2021-04-15,Nairobi,Milk,Retail,100.0
2021-04-15,Nairobi,Milk,Retail,60.0
2021-04-15,Nairobi,Oil (vegetable),Retail,192.73
2021-04-15,Nairobi,Beans,Retail,95.45
2021-04-15,Nairobi,Maize,Retail,44.09
2021-04-15,Nairobi,Potatoes,Retail,45.91
2021-04-15,Nairobi,Sorghum,Retail,69.55
2021-04-15,Nairobi,Milk,Retail,100.0
2021-04-15,Nairobi,Oil (vegetable),Retail,192.73
2021-04-15,Nairobi,Beans,Retail,95.45
2021-05-15,Nairobi,Maize,Retail,50.12
2021-05-15,Nairobi,Potatoes,Retail,55.71
2021-05-15,Nairobi,Sorghum,Retail,80.5
2021-05-15,Nairobi,Milk,Retail,100.0
2021-05-15,Nairobi,Oil (vegetable),Retail,191.5
2021-05-15,Nairobi,Beans,Retail,100.63
2021-05-15,Nairobi,Maize,Retail,50.0
2021-05-15,Nairobi,Potatoes,Retail,50.0
2021-05-15,Nairobi,Sorghum,Retail,80.0
2021-05-15,Nairobi,Milk,Retail,104.28
2021-05-15,Nairobi,Oil (vegetable),Retail,200.0
2021-05-15,Nairobi,Beans,Retail,105.09
2021-05-15,Nairobi,Maize,Retail,49.55
2021-05-15,Nairobi,Potatoes,Retail,50.0
2021-05-15,Nairobi,Sorghum,Retail,79.22
2021-05-15,Nairobi,Milk,Retail,103.82
2021-05-15,Nairobi,Oil (vegetable),Retail,200.0
2021-05-15,Nairobi,Beans,Retail,105.92
2021-05-15,Nairobi,Maize,Retail,50.0
2021-05-15,Nairobi,Potatoes,Retail,58.79
2021-05-15,Nairobi,Sorghum,Retail,80.0
2021-05-15,Nairobi,Milk,Retail,100.0
2021-05-15,Nairobi,Oil (vegetable),Retail,197.67
2021-05-15,Nairobi,Beans,Retail,109.67
2021-05-15,Nairobi,Maize,Retail,50.78
2021-05-15,Nairobi,Potatoes,Retail,50.58
2021-05-15,Nairobi,Sorghum,Retail,70.0
2021-05-15,Nairobi,Milk,Retail,100.0
2021-05-15,Nairobi,Oil (vegetable),Retail,200.0
2021-05-15,Nairobi,Beans,Retail,109.93
2021-05-15,Nairobi,Maize,Retail,50.0
2021-05-15,Nairobi,Potatoes,Retail,49.83
2021-05-15,Nairobi,Sorghum,Retail,68.83
2021-05-15,Nairobi,Milk,Retail,100.0
2021-05-15,Nairobi,Oil (vegetable),Retail,200.0
2021-05-15,Nairobi,Beans,Retail,110.13
2021-06-15,Nairobi,Maize,Retail,48.38
2021-06-15,Nairobi,Potatoes,Retail,52.92
2021-06-15,Nairobi,Sorghum,Retail,87.5
2021-06-15,Nairobi,Milk,Retail,100.0
2021-06-15,Nairobi,Oil (vegetable),Retail,197.69
2021-06-15,Nairobi,Beans,Retail,103.85
2021-06-15,Nairobi,Maize,Retail,47.58
2021-06-15,Nairobi,Potatoes,Retail,50.0
2021-06-15,Nairobi,Sorghum,Retail,77.31
2021-06-15,Nairobi,Milk,Retail,102.26
2021-06-15,Nairobi,Oil (vegetable),Retail,200.0
2021-06-15,Nairobi,Beans,Retail,118.74
2021-06-15,Nairobi,Maize,Retail,48.29
2021-06-15,Nairobi,Potatoes,Retail,50.0
2021-06-15,Nairobi,Sorghum,Retail,78.32
2021-06-15,Nairobi,Milk,Retail,100.84
2021-06-15,Nairobi,Oil (vegetable),Retail,200.0
2021-06-15,Nairobi,Beans,Retail,112.63
2021-06-15,Nairobi,Maize,Retail,50.0
2021-06-15,Nairobi,Potatoes,Retail,54.62
2021-06-15,Nairobi,Sorghum,Retail,80.0
2021-06-15,Nairobi,Milk,Retail,100.0
2021-06-15,Nairobi,Oil (vegetable),Retail,200.0
2021-06-15,Nairobi,Beans,Retail,113.08
2021-06-15,Nairobi,Maize,Retail,50.0
2021-06-15,Nairobi,Potatoes,Retail,50.67
2021-06-15,Nairobi,Sorghum,Retail,70.0
2021-06-15,Nairobi,Milk,Retail,100.0
2021-06-15,Nairobi,Oil (vegetable),Retail,210.77
2021-06-15,Nairobi,Beans,Retail,114.92
2021-06-15,Nairobi,Maize,Retail,50.0
2021-06-15,Nairobi,Potatoes,Retail,48.85
2021-06-15,Nairobi,Sorghum,Retail,74.04
2021-06-15,Nairobi,Milk,Retail,100.0
2021-06-15,Nairobi,Oil (vegetable),Retail,209.69
2021-06-15,Nairobi,Beans,Retail,116.31
2021-07-15,Nairobi,Maize,Retail,49.0
2021-07-15,Nairobi,Potatoes,Retail,61.0
2021-07-15,Nairobi,Sorghum,Retail,80.0
2021-07-15,Nairobi,Milk,Retail,100.0
2021-07-15,Nairobi,Oil (vegetable),Retail,200.0
2021-07-15,Nairobi,Beans,Retail,102.0
2021-07-15,Nairobi,Maize,Retail,50.0
2021-07-15,Nairobi,Potatoes,Retail,50.0
2021-07-15,Nairobi,Sorghum,Retail,80.0
2021-07-15,Nairobi,Milk,Retail,102.86
2021-07-15,Nairobi,Oil (vegetable),Retail,241.25
2021-07-15,Nairobi,Beans,Retail,95.0
2021-07-15,Nairobi,Maize,Retail,48.75
2021-07-15,Nairobi,Potatoes,Retail,50.0
2021-07-15,Nairobi,Sorghum,Retail,73.75
2021-07-15,Nairobi,Milk,Retail,103.34
2021-07-15,Nairobi,Oil (vegetable),Retail,235.0
2021-07-15,Nairobi,Beans,Retail,107.5
2021-07-15,Nairobi,Maize,Retail,45.0
2021-07-15,Nairobi,Potatoes,Retail,62.5
2021-07-15,Nairobi,Sorghum,Retail,80.0
2021-07-15,Nairobi,Milk,Retail,100.0
2021-07-15,Nairobi,Oil (vegetable),Retail,200.0
2021-07-15,Nairobi,Beans,Retail,100.0
2021-07-15,Nairobi,Maize,Retail,50.0
2021-07-15,Nairobi,Potatoes,Retail,42.86
2021-07-15,Nairobi,Sorghum,Retail,70.0
2021-07-15,Nairobi,Milk,Retail,100.0
2021-07-15,Nairobi,Oil (vegetable),Retail,239.09
2021-07-15,Nairobi,Beans,Retail,80.0
2021-07-15,Nairobi,Maize,Retail,50.0
2021-07-15,Nairobi,Potatoes,Retail,44.0
2021-07-15,Nairobi,Sorghum,Retail,70.0
2021-07-15,Nairobi,Milk,Retail,100.0
2021-07-15,Nairobi,Oil (vegetable),Retail,242.31
2021-07-15,Nairobi,Beans,Retail,82.5
2021-08-15,Nairobi,Maize,Retail,49.0
2021-08-15,Nairobi,Potatoes,Retail,55.75
2021-08-15,Nairobi,Sorghum,Retail,86.56
2021-08-15,Nairobi,Milk,Retail,100.0
2021-08-15,Nairobi,Oil (vegetable),Retail,200.0
2021-08-15,Nairobi,Beans,Retail,105.5
2021-08-15,Nairobi,Maize,Retail,50.0
2021-08-15,Nairobi,Potatoes,Retail,50.0
2021-08-15,Nairobi,Sorghum,Retail,73.8
2021-08-15,Nairobi,Milk,Retail,102.0
2021-08-15,Nairobi,Oil (vegetable),Retail,230.38
2021-08-15,Nairobi,Beans,Retail,112.24
2021-08-15,Nairobi,Maize,Retail,48.56
2021-08-15,Nairobi,Potatoes,Retail,48.65
2021-08-15,Nairobi,Sorghum,Retail,79.38
2021-08-15,Nairobi,Milk,Retail,101.88
2021-08-15,Nairobi,Oil (vegetable),Retail,224.67
2021-08-15,Nairobi,Beans,Retail,112.11
2021-08-15,Nairobi,Maize,Retail,49.38
2021-08-15,Nairobi,Potatoes,Retail,53.75
2021-08-15,Nairobi,Sorghum,Retail,80.0
2021-08-15,Nairobi,Milk,Retail,100.0
2021-08-15,Nairobi,Oil (vegetable),Retail,200.0
2021-08-15,Nairobi,Beans,Retail,117.5
2021-08-15,Nairobi,Maize,Retail,47.81
2021-08-15,Nairobi,Potatoes,Retail,48.43
2021-08-15,Nairobi,Sorghum,Retail,79.84
2021-08-15,Nairobi,Milk,Retail,100.0
2021-08-15,Nairobi,Oil (vegetable),Retail,228.22
2021-08-15,Nairobi,Beans,Retail,109.75
2021-08-15,Nairobi,Maize,Retail,47.81
2021-08-15,Nairobi,Potatoes,Retail,48.16
2021-08-15,Nairobi,Sorghum,Retail,75.83
2021-08-15,Nairobi,Milk,Retail,100.62
2021-08-15,Nairobi,Oil (vegetable),Retail,229.79
2021-08-15,Nairobi,Beans,Retail,100.0
2021-09-15,Nairobi,Maize,Retail,49.0
2021-09-15,Nairobi,Potatoes,Retail,60.0
2021-09-15,Nairobi,Sorghum,Retail,87.5
2021-09-15,Nairobi,Milk,Retail,100.0
2021-09-15,Nairobi,Oil (vegetable),Retail,200.0
2021-09-15,Nairobi,Beans,Retail,102.0
2021-09-15,Nairobi,Maize,Retail,48.85
2021-09-15,Nairobi,Potatoes,Retail,49.17
2021-09-15,Nairobi,Sorghum,Retail,78.89
2021-09-15,Nairobi,Milk,Retail,102.5
2021-09-15,Nairobi,Oil (vegetable),Retail,219.0
2021-09-15,Nairobi,Beans,Retail,101.82
2021-09-15,Nairobi,Maize,Retail,48.3
2021-09-15,Nairobi,Potatoes,Retail,49.0
2021-09-15,Nairobi,Sorghum,Retail,76.67
2021-09-15,Nairobi,Milk,Retail,102.24
2021-09-15,Nairobi,Oil (vegetable),Retail,225.62
2021-09-15,Nairobi,Beans,Retail,95.1
2021-09-15,Nairobi,Maize,Retail,50.0
2021-09-15,Nairobi,Potatoes,Retail,56.25
2021-09-15,Nairobi,Sorghum,Retail,80.0
2021-09-15,Nairobi,Milk,Retail,100.0
2021-09-15,Nairobi,Oil (vegetable),Retail,200.0
2021-09-15,Nairobi,Beans,Retail,120.0
2021-09-15,Nairobi,Maize,Retail,51.67
2021-09-15,Nairobi,Potatoes,Retail,53.33
2021-09-15,Nairobi,Sorghum,Retail,73.33
2021-09-15,Nairobi,Milk,Retail,101.12
2021-09-15,Nairobi,Oil (vegetable),Retail,226.82
2021-09-15,Nairobi,Beans,Retail,120.0
2021-09-15,Nairobi,Maize,Retail,50.0
2021-09-15,Nairobi,Potatoes,Retail,50.0
2021-09-15,Nairobi,Sorghum,Retail,75.0
2021-09-15,Nairobi,Milk,Retail,100.62
2021-09-15,Nairobi,Oil (vegetable),Retail,206.88
2021-09-15,Nairobi,Beans,Retail,116.0
2021-10-15,Nairobi,Maize,Retail,49.0
2021-10-15,Nairobi,Potatoes,Retail,58.57
2021-10-15,Nairobi,Sorghum,Retail,87.5
2021-10-15,Nairobi,Milk,Retail,100.0
2021-10-15,Nairobi,Oil (vegetable),Retail,202.5
2021-10-15,Nairobi,Beans,Retail,102.0
2021-10-15,Nairobi,Maize,Retail,50.0
2021-10-15,Nairobi,Potatoes,Retail,50.0
2021-10-15,Nairobi,Sorghum,Retail,78.85
2021-10-15,Nairobi,Milk,Retail,100.76
2021-10-15,Nairobi,Oil (vegetable),Retail,230.0
2021-10-15,Nairobi,Beans,Retail,106.47
2021-10-15,Nairobi,Maize,Retail,50.0
2021-10-15,Nairobi,Potatoes,Retail,50.0
2021-10-15,Nairobi,Sorghum,Retail,77.31
2021-10-15,Nairobi,Milk,Retail,100.58
2021-10-15,Nairobi,Oil (vegetable),Retail,229.33
2021-10-15,Nairobi,Beans,Retail,104.38
2021-10-15,Nairobi,Maize,Retail,45.0
2021-10-15,Nairobi,Potatoes,Retail,51.88
2021-10-15,Nairobi,Sorghum,Retail,80.0
2021-10-15,Nairobi,Milk,Retail,105.0
2021-10-15,Nairobi,Oil (vegetable),Retail,200.0
2021-10-15,Nairobi,Beans,Retail,120.0
2021-10-15,Nairobi,Maize,Retail,45.0
2021-10-15,Nairobi,Potatoes,Retail,50.0
2021-10-15,Nairobi,Sorghum,Retail,73.33
2021-10-15,Nairobi,Milk,Retail,100.0
2021-10-15,Nairobi,Oil (vegetable),Retail,230.0
2021-10-15,Nairobi,Beans,Retail,118.33
2021-10-15,Nairobi,Maize,Retail,45.0
2021-10-15,Nairobi,Potatoes,Retail,50.0
2021-10-15,Nairobi,Sorghum,Retail,70.0
2021-10-15,Nairobi,Milk,Retail,100.0
2021-10-15,Nairobi,Oil (vegetable),Retail,230.0
2021-10-15,Nairobi,Beans,Retail,120.0
2021-11-15,Nairobi,Maize,Retail,51.0
2021-11-15,Nairobi,Potatoes,Retail,58.0
2021-11-15,Nairobi,Sorghum,Retail,87.5
2021-11-15,Nairobi,Oil (vegetable),Retail,225.0
2021-11-15,Nairobi,Beans,Retail,102.0
2021-11-15,Nairobi,Maize,Retail,50.0
2021-11-15,Nairobi,Potatoes,Retail,67.5
2021-11-15,Nairobi,Sorghum,Retail,80.0
2021-11-15,Nairobi,Milk,Retail,100.0
2021-11-15,Nairobi,Oil (vegetable),Retail,240.0
2021-11-15,Nairobi,Beans,Retail,125.71
2021-11-15,Nairobi,Maize,Retail,50.0
2021-11-15,Nairobi,Potatoes,Retail,68.75
2021-11-15,Nairobi,Sorghum,Retail,80.0
2021-11-15,Nairobi,Milk,Retail,100.76
2021-11-15,Nairobi,Oil (vegetable),Retail,240.0
2021-11-15,Nairobi,Beans,Retail,120.0
2021-11-15,Nairobi,Maize,Retail,50.0
2021-11-15,Nairobi,Potatoes,Retail,63.12
2021-11-15,Nairobi,Sorghum,Retail,80.0
2021-11-15,Nairobi,Milk,Retail,110.0
2021-11-15,Nairobi,Oil (vegetable),Retail,218.33
2021-11-15,Nairobi,Beans,Retail,130.0
2021-11-15,Nairobi,Maize,Retail,53.33
2021-11-15,Nairobi,Potatoes,Retail,60.0
2021-11-15,Nairobi,Sorghum,Retail,80.0
2021-11-15,Nairobi,Milk,Retail,100.0
2021-11-15,Nairobi,Oil (vegetable),Retail,240.0
2021-11-15,Nairobi,Beans,Retail,100.0
2021-12-15,Nairobi,Maize,Retail,49.0
2021-12-15,Nairobi,Potatoes,Retail,61.0
2021-12-15,Nairobi,Sorghum,Retail,87.5
2021-12-15,Nairobi,Milk,Retail,110.0
2021-12-15,Nairobi,Oil (vegetable),Retail,217.5
2021-12-15,Nairobi,Beans,Retail,104.0
2021-12-15,Nairobi,Maize,Retail,50.0
2021-12-15,Nairobi,Potatoes,Retail,62.73
2021-12-15,Nairobi,Sorghum,Retail,80.0
2021-12-15,Nairobi,Milk,Retail,101.24
2021-12-15,Nairobi,Oil (vegetable),Retail,240.0
2021-12-15,Nairobi,Beans,Retail,118.18
2021-12-15,Nairobi,Maize,Retail,50.0
2021-12-15,Nairobi,Potatoes,Retail,68.89
2021-12-15,Nairobi,Sorghum,Retail,80.0
2021-12-15,Nairobi,Milk,Retail,102.5
2021-12-15,Nairobi,Oil (vegetable),Retail,240.0
2021-12-15,Nairobi,Beans,Retail,117.0
2021-12-15,Nairobi,Maize,Retail,50.0
2021-12-15,Nairobi,Potatoes,Retail,60.71
2021-12-15,Nairobi,Sorghum,Retail,80.0
2021-12-15,Nairobi,Milk,Retail,110.0
2021-12-15,Nairobi,Oil (vegetable),Retail,217.5
2021-12-15,Nairobi,Beans,Retail,130.0
2021-12-15,Nairobi,Maize,Retail,55.0
2021-12-15,Nairobi,Potatoes,Retail,67.14
2021-12-15,Nairobi,Sorghum,Retail,81.67
2021-12-15,Nairobi,Milk,Retail,100.0
2021-12-15,Nairobi,Oil (vegetable),Retail,230.0
2021-12-15,Nairobi,Beans,Retail,120.0
2021-12-15,Nairobi,Maize,Retail,55.0
2021-12-15,Nairobi,Potatoes,Retail,65.0
2021-12-15,Nairobi,Sorghum,Retail,80.0
2021-12-15,Nairobi,Milk,Retail,100.0
2021-12-15,Nairobi,Oil (vegetable),Retail,230.0
2021-12-15,Nairobi,Beans,Retail,120.0
2022-01-15,Nairobi,Maize,Retail,50.0
2022-01-15,Nairobi,Potatoes,Retail,56.43
2022-01-15,Nairobi,Sorghum,Retail,87.5
2022-01-15,Nairobi,Milk,Retail,100.0
2022-01-15,Nairobi,Oil (vegetable),Retail,225.0
2022-01-15,Nairobi,Beans,Retail,106.0
2022-01-15,Nairobi,Maize,Retail,50.0
2022-01-15,Nairobi,Potatoes,Retail,70.0
2022-01-15,Nairobi,Sorghum,Retail,80.0
2022-01-15,Nairobi,Milk,Retail,105.0
2022-01-15,Nairobi,Oil (vegetable),Retail,260.0
2022-01-15,Nairobi,Beans,Retail,118.0
2022-01-15,Nairobi,Maize,Retail,50.0
2022-01-15,Nairobi,Potatoes,Retail,68.0
2022-01-15,Nairobi,Sorghum,Retail,80.0
2022-01-15,Nairobi,Milk,Retail,111.0
2022-01-15,Nairobi,Oil (vegetable),Retail,260.0
2022-01-15,Nairobi,Beans,Retail,116.36
2022-01-15,Nairobi,Maize,Retail,45.0
2022-01-15,Nairobi,Potatoes,Retail,59.38
2022-01-15,Nairobi,Sorghum,Retail,80.0
2022-01-15,Nairobi,Milk,Retail,100.0
2022-01-15,Nairobi,Oil (vegetable),Retail,225.0
2022-01-15,Nairobi,Beans,Retail,130.0
2022-01-15,Nairobi,Maize,Retail,60.0
2022-01-15,Nairobi,Potatoes,Retail,45.0
2022-01-15,Nairobi,Sorghum,Retail,83.33
2022-01-15,Nairobi,Milk,Retail,100.0
2022-01-15,Nairobi,Oil (vegetable),Retail,260.0
2022-01-15,Nairobi,Beans,Retail,122.0
2022-01-15,Nairobi,Maize,Retail,60.0
2022-01-15,Nairobi,Potatoes,Retail,35.0
2022-01-15,Nairobi,Sorghum,Retail,80.0
2022-01-15,Nairobi,Milk,Retail,100.0
2022-01-15,Nairobi,Oil (vegetable),Retail,260.0
2022-01-15,Nairobi,Beans,Retail,120.0
